0;1;2
Photo;SKU;Gallery
"C:\Users\Files\Downloads\images\00-05210_15593.jpg";00-05210;"C:\Users\Files\Downloads\images\00-05210_15593.jpg"
"C:\Users\Files\Downloads\images\00-05215_15594.jpg";00-05215;"C:\Users\Files\Downloads\images\00-05215_15594.jpg"
"C:\Users\Files\Downloads\images\00-05221_15595.jpg";00-05221;"C:\Users\Files\Downloads\images\00-05221_15595.jpg"
"C:\Users\Files\Downloads\images\00-05423_15596.jpg";00-05423;"C:\Users\Files\Downloads\images\00-05423_15596.jpg"
"C:\Users\Files\Downloads\images\00-05426_15597.jpg";00-05426;"C:\Users\Files\Downloads\images\00-05426_15597.jpg"
"C:\Users\Files\Downloads\images\00-05520_01_17892.jpg";00-05520;"C:\Users\Files\Downloads\images\00-05520_01_17892.jpg,C:\Users\Files\Downloads\images\00-05520_02_17893.jpg,C:\Users\Files\Downloads\images\00-05520_17894.jpg"
"C:\Users\Files\Downloads\images\00-05520_02_17893.jpg";00-05520;
"C:\Users\Files\Downloads\images\00-05520_17894.jpg";00-05520;
"C:\Users\Files\Downloads\images\00-05533_01_18089.jpg";00-05533;"C:\Users\Files\Downloads\images\00-05533_01_18089.jpg,C:\Users\Files\Downloads\images\00-05533_02_18090.jpg,C:\Users\Files\Downloads\images\00-05533_03_18091.jpg,C:\Users\Files\Downloads\images\00-05533_04_18092.jpg,C:\Users\Files\Downloads\images\00-05533_18093.jpg"
"C:\Users\Files\Downloads\images\00-05533_02_18090.jpg";00-05533;
"C:\Users\Files\Downloads\images\00-05533_03_18091.jpg";00-05533;
"C:\Users\Files\Downloads\images\00-05533_04_18092.jpg";00-05533;
"C:\Users\Files\Downloads\images\00-05533_18093.jpg";00-05533;
"C:\Users\Files\Downloads\images\00-05534_01_18094.jpg";00-05534;"C:\Users\Files\Downloads\images\00-05534_01_18094.jpg,C:\Users\Files\Downloads\images\00-05534_02_18095.jpg,C:\Users\Files\Downloads\images\00-05534_03_18096.jpg,C:\Users\Files\Downloads\images\00-05534_04_18097.jpg,C:\Users\Files\Downloads\images\00-05534_05_18098.jpg,C:\Users\Files\Downloads\images\00-05534_18099.jpg"
"C:\Users\Files\Downloads\images\00-05534_02_18095.jpg";00-05534;
"C:\Users\Files\Downloads\images\00-05534_03_18096.jpg";00-05534;
"C:\Users\Files\Downloads\images\00-05534_04_18097.jpg";00-05534;
"C:\Users\Files\Downloads\images\00-05534_05_18098.jpg";00-05534;
"C:\Users\Files\Downloads\images\00-05534_18099.jpg";00-05534;
"C:\Users\Files\Downloads\images\00-05535_01_18100.jpg";00-05535;"C:\Users\Files\Downloads\images\00-05535_01_18100.jpg,C:\Users\Files\Downloads\images\00-05535_02_18101.jpg,C:\Users\Files\Downloads\images\00-05535_03_18102.jpg,C:\Users\Files\Downloads\images\00-05535_18103.jpg"
"C:\Users\Files\Downloads\images\00-05535_02_18101.jpg";00-05535;
"C:\Users\Files\Downloads\images\00-05535_03_18102.jpg";00-05535;
"C:\Users\Files\Downloads\images\00-05535_18103.jpg";00-05535;
"C:\Users\Files\Downloads\images\00-05536_01_16323.jpg";00-05536;"C:\Users\Files\Downloads\images\00-05536_01_16323.jpg,C:\Users\Files\Downloads\images\00-05536_02_16324.jpg,C:\Users\Files\Downloads\images\00-05536_03_16325.jpg,C:\Users\Files\Downloads\images\00-05536_16322.jpg"
"C:\Users\Files\Downloads\images\00-05536_02_16324.jpg";00-05536;
"C:\Users\Files\Downloads\images\00-05536_03_16325.jpg";00-05536;
"C:\Users\Files\Downloads\images\00-05536_16322.jpg";00-05536;
"C:\Users\Files\Downloads\images\00-05631_15622.jpg";00-05631;"C:\Users\Files\Downloads\images\00-05631_15622.jpg"
"C:\Users\Files\Downloads\images\00-05635_15623.jpg";00-05635;"C:\Users\Files\Downloads\images\00-05635_15623.jpg"
"C:\Users\Files\Downloads\images\00-05918_01_9702.jpeg";00-05918;"C:\Users\Files\Downloads\images\00-05918_01_9702.jpeg,C:\Users\Files\Downloads\images\00-05918_9701.jpeg"
"C:\Users\Files\Downloads\images\00-05918_9701.jpeg";00-05918;
"C:\Users\Files\Downloads\images\00-05920_7708.jpg";00-05920;"C:\Users\Files\Downloads\images\00-05920_7708.jpg"
"C:\Users\Files\Downloads\images\00-05939_16326.jpg";00-05939;"C:\Users\Files\Downloads\images\00-05939_16326.jpg"
"C:\Users\Files\Downloads\images\00-06801_01_18627.jpg";00-06801;"C:\Users\Files\Downloads\images\00-06801_01_18627.jpg,C:\Users\Files\Downloads\images\00-06801_18626.jpg"
"C:\Users\Files\Downloads\images\00-06801_18626.jpg";00-06801;
"C:\Users\Files\Downloads\images\00-06804_01_18629.jpg";00-06804;"C:\Users\Files\Downloads\images\00-06804_01_18629.jpg,C:\Users\Files\Downloads\images\00-06804_02_18630.jpg,C:\Users\Files\Downloads\images\00-06804_18628.jpg"
"C:\Users\Files\Downloads\images\00-06804_02_18630.jpg";00-06804;
"C:\Users\Files\Downloads\images\00-06804_18628.jpg";00-06804;
"C:\Users\Files\Downloads\images\00-06805_01_18632.jpg";00-06805;"C:\Users\Files\Downloads\images\00-06805_01_18632.jpg,C:\Users\Files\Downloads\images\00-06805_02_18633.jpg,C:\Users\Files\Downloads\images\00-06805_18631.jpg"
"C:\Users\Files\Downloads\images\00-06805_02_18633.jpg";00-06805;
"C:\Users\Files\Downloads\images\00-06805_18631.jpg";00-06805;
"C:\Users\Files\Downloads\images\00-06806_01_18635.jpg";00-06806;"C:\Users\Files\Downloads\images\00-06806_01_18635.jpg,C:\Users\Files\Downloads\images\00-06806_02_18636.jpg,C:\Users\Files\Downloads\images\00-06806_03_18637.jpg,C:\Users\Files\Downloads\images\00-06806_18634.jpg"
"C:\Users\Files\Downloads\images\00-06806_02_18636.jpg";00-06806;
"C:\Users\Files\Downloads\images\00-06806_03_18637.jpg";00-06806;
"C:\Users\Files\Downloads\images\00-06806_18634.jpg";00-06806;
"C:\Users\Files\Downloads\images\00-06807_01_18639.jpg";00-06807;"C:\Users\Files\Downloads\images\00-06807_01_18639.jpg,C:\Users\Files\Downloads\images\00-06807_02_18640.jpg,C:\Users\Files\Downloads\images\00-06807_03_18641.jpg,C:\Users\Files\Downloads\images\00-06807_18638.jpg"
"C:\Users\Files\Downloads\images\00-06807_02_18640.jpg";00-06807;
"C:\Users\Files\Downloads\images\00-06807_03_18641.jpg";00-06807;
"C:\Users\Files\Downloads\images\00-06807_18638.jpg";00-06807;
"C:\Users\Files\Downloads\images\00-06808_01_18643.jpg";00-06808;"C:\Users\Files\Downloads\images\00-06808_01_18643.jpg,C:\Users\Files\Downloads\images\00-06808_02_18644.jpg,C:\Users\Files\Downloads\images\00-06808_03_18645.jpg,C:\Users\Files\Downloads\images\00-06808_18642.jpg"
"C:\Users\Files\Downloads\images\00-06808_02_18644.jpg";00-06808;
"C:\Users\Files\Downloads\images\00-06808_03_18645.jpg";00-06808;
"C:\Users\Files\Downloads\images\00-06808_18642.jpg";00-06808;
"C:\Users\Files\Downloads\images\00-07002_9703.jpeg";00-07002;"C:\Users\Files\Downloads\images\00-07002_9703.jpeg"
"C:\Users\Files\Downloads\images\00-07003_01_9705.jpeg";00-07003;"C:\Users\Files\Downloads\images\00-07003_01_9705.jpeg,C:\Users\Files\Downloads\images\00-07003_9704.jpeg"
"C:\Users\Files\Downloads\images\00-07003_9704.jpeg";00-07003;
"C:\Users\Files\Downloads\images\00-07004_01_9707.jpeg";00-07004;"C:\Users\Files\Downloads\images\00-07004_01_9707.jpeg,C:\Users\Files\Downloads\images\00-07004_9706.jpeg"
"C:\Users\Files\Downloads\images\00-07004_9706.jpeg";00-07004;
"C:\Users\Files\Downloads\images\00-13233_01_17890.jpeg";00-13233;"C:\Users\Files\Downloads\images\00-13233_01_17890.jpeg,C:\Users\Files\Downloads\images\00-13233_17891.jpeg"
"C:\Users\Files\Downloads\images\00-13233_17891.jpeg";00-13233;
"C:\Users\Files\Downloads\images\00-13234_01_9711.jpeg";00-13234;"C:\Users\Files\Downloads\images\00-13234_01_9711.jpeg,C:\Users\Files\Downloads\images\00-13234_9710.jpeg"
"C:\Users\Files\Downloads\images\00-13234_9710.jpeg";00-13234;
"C:\Users\Files\Downloads\images\00-02731_01_15389.jpg";00-02731;"C:\Users\Files\Downloads\images\00-02731_01_15389.jpg,C:\Users\Files\Downloads\images\00-02731_02_15388.jpg,C:\Users\Files\Downloads\images\00-02731_15387.jpg"
"C:\Users\Files\Downloads\images\00-02731_02_15388.jpg";00-02731;
"C:\Users\Files\Downloads\images\00-02731_15387.jpg";00-02731;
"C:\Users\Files\Downloads\images\00-02732_01_9335.jpeg";00-02732;"C:\Users\Files\Downloads\images\00-02732_01_9335.jpeg,C:\Users\Files\Downloads\images\00-02732_9334.jpeg"
"C:\Users\Files\Downloads\images\00-02732_9334.jpeg";00-02732;
"C:\Users\Files\Downloads\images\00-02733_01_15391.jpg";00-02733;"C:\Users\Files\Downloads\images\00-02733_01_15391.jpg,C:\Users\Files\Downloads\images\00-02733_02_15392.jpg,C:\Users\Files\Downloads\images\00-02733_15390.jpg"
"C:\Users\Files\Downloads\images\00-02733_02_15392.jpg";00-02733;
"C:\Users\Files\Downloads\images\00-02733_15390.jpg";00-02733;
"C:\Users\Files\Downloads\images\00-02737_01_9337.jpeg";00-02737;"C:\Users\Files\Downloads\images\00-02737_01_9337.jpeg,C:\Users\Files\Downloads\images\00-02737_9336.jpeg"
"C:\Users\Files\Downloads\images\00-02737_9336.jpeg";00-02737;
"C:\Users\Files\Downloads\images\00-02738_01_9339.jpeg";00-02738;"C:\Users\Files\Downloads\images\00-02738_01_9339.jpeg,C:\Users\Files\Downloads\images\00-02738_9338.jpeg"
"C:\Users\Files\Downloads\images\00-02738_9338.jpeg";00-02738;
"C:\Users\Files\Downloads\images\00-02744_01_9341.jpeg";00-02744;"C:\Users\Files\Downloads\images\00-02744_01_9341.jpeg,C:\Users\Files\Downloads\images\00-02744_9340.jpeg"
"C:\Users\Files\Downloads\images\00-02744_9340.jpeg";00-02744;
"C:\Users\Files\Downloads\images\00-02749_01_9343.jpeg";00-02749;"C:\Users\Files\Downloads\images\00-02749_01_9343.jpeg,C:\Users\Files\Downloads\images\00-02749_02_9344.jpeg,C:\Users\Files\Downloads\images\00-02749_9342.jpeg"
"C:\Users\Files\Downloads\images\00-02749_02_9344.jpeg";00-02749;
"C:\Users\Files\Downloads\images\00-02749_9342.jpeg";00-02749;
"C:\Users\Files\Downloads\images\00-02753_01_9346.jpeg";00-02753;"C:\Users\Files\Downloads\images\00-02753_01_9346.jpeg,C:\Users\Files\Downloads\images\00-02753_02_9347.jpeg,C:\Users\Files\Downloads\images\00-02753_9345.jpeg"
"C:\Users\Files\Downloads\images\00-02753_02_9347.jpeg";00-02753;
"C:\Users\Files\Downloads\images\00-02753_9345.jpeg";00-02753;
"C:\Users\Files\Downloads\images\00-02761_01_9349.jpeg";00-02761;"C:\Users\Files\Downloads\images\00-02761_01_9349.jpeg,C:\Users\Files\Downloads\images\00-02761_02_9350.jpeg,C:\Users\Files\Downloads\images\00-02761_9348.jpeg"
"C:\Users\Files\Downloads\images\00-02761_02_9350.jpeg";00-02761;
"C:\Users\Files\Downloads\images\00-02761_9348.jpeg";00-02761;
"C:\Users\Files\Downloads\images\00-02763_01_9352.jpeg";00-02763;"C:\Users\Files\Downloads\images\00-02763_01_9352.jpeg,C:\Users\Files\Downloads\images\00-02763_02_9353.jpeg,C:\Users\Files\Downloads\images\00-02763_9351.jpeg"
"C:\Users\Files\Downloads\images\00-02763_02_9353.jpeg";00-02763;
"C:\Users\Files\Downloads\images\00-02763_9351.jpeg";00-02763;
"C:\Users\Files\Downloads\images\00-02765_01_9355.jpeg";00-02765;"C:\Users\Files\Downloads\images\00-02765_01_9355.jpeg,C:\Users\Files\Downloads\images\00-02765_9354.jpeg"
"C:\Users\Files\Downloads\images\00-02765_9354.jpeg";00-02765;
"C:\Users\Files\Downloads\images\00-02766_01_9357.jpeg";00-02766;"C:\Users\Files\Downloads\images\00-02766_01_9357.jpeg,C:\Users\Files\Downloads\images\00-02766_9356.jpeg"
"C:\Users\Files\Downloads\images\00-02766_9356.jpeg";00-02766;
"C:\Users\Files\Downloads\images\00-02767_01_9359.jpeg";00-02767;"C:\Users\Files\Downloads\images\00-02767_01_9359.jpeg,C:\Users\Files\Downloads\images\00-02767_9358.jpeg"
"C:\Users\Files\Downloads\images\00-02767_9358.jpeg";00-02767;
"C:\Users\Files\Downloads\images\00-03010_01_17392.jpg";00-03010;"C:\Users\Files\Downloads\images\00-03010_01_17392.jpg,C:\Users\Files\Downloads\images\00-03010_02_17393.jpg,C:\Users\Files\Downloads\images\00-03010_03_17394.jpg,C:\Users\Files\Downloads\images\00-03010_17391.jpg"
"C:\Users\Files\Downloads\images\00-03010_02_17393.jpg";00-03010;
"C:\Users\Files\Downloads\images\00-03010_03_17394.jpg";00-03010;
"C:\Users\Files\Downloads\images\00-03010_17391.jpg";00-03010;
"C:\Users\Files\Downloads\images\00-03212_01_9362.jpeg";00-03212;"C:\Users\Files\Downloads\images\00-03212_01_9362.jpeg,C:\Users\Files\Downloads\images\00-03212_9361.jpeg"
"C:\Users\Files\Downloads\images\00-03212_9361.jpeg";00-03212;
"C:\Users\Files\Downloads\images\00-03215_01_17964.jpg";00-03215;"C:\Users\Files\Downloads\images\00-03215_01_17964.jpg,C:\Users\Files\Downloads\images\00-03215_17965.jpg"
"C:\Users\Files\Downloads\images\00-03215_17965.jpg";00-03215;
"C:\Users\Files\Downloads\images\00-03218_01_8569.jpg";00-03218;"C:\Users\Files\Downloads\images\00-03218_01_8569.jpg,C:\Users\Files\Downloads\images\00-03218_02_8570.jpg,C:\Users\Files\Downloads\images\00-03218_15956.jpg"
"C:\Users\Files\Downloads\images\00-03218_02_8570.jpg";00-03218;
"C:\Users\Files\Downloads\images\00-03218_15956.jpg";00-03218;
"C:\Users\Files\Downloads\images\00-03221_01_18009.jpeg";00-03221;"C:\Users\Files\Downloads\images\00-03221_01_18009.jpeg,C:\Users\Files\Downloads\images\00-03221_02_18010.jpeg,C:\Users\Files\Downloads\images\00-03221_18011.jpeg"
"C:\Users\Files\Downloads\images\00-03221_02_18010.jpeg";00-03221;
"C:\Users\Files\Downloads\images\00-03221_18011.jpeg";00-03221;
"C:\Users\Files\Downloads\images\00-03225_01_17887.jpg";00-03225;"C:\Users\Files\Downloads\images\00-03225_01_17887.jpg,C:\Users\Files\Downloads\images\00-03225_02_17888.jpg,C:\Users\Files\Downloads\images\00-03225_17889.jpg"
"C:\Users\Files\Downloads\images\00-03225_02_17888.jpg";00-03225;
"C:\Users\Files\Downloads\images\00-03225_17889.jpg";00-03225;
"C:\Users\Files\Downloads\images\00-03226_01_8572.jpg";00-03226;"C:\Users\Files\Downloads\images\00-03226_01_8572.jpg,C:\Users\Files\Downloads\images\00-03226_02_8573.jpg,C:\Users\Files\Downloads\images\00-03226_8571.jpg"
"C:\Users\Files\Downloads\images\00-03226_02_8573.jpg";00-03226;
"C:\Users\Files\Downloads\images\00-03226_8571.jpg";00-03226;
"C:\Users\Files\Downloads\images\00-03228_01_9367.jpeg";00-03228;"C:\Users\Files\Downloads\images\00-03228_01_9367.jpeg,C:\Users\Files\Downloads\images\00-03228_9366.jpeg"
"C:\Users\Files\Downloads\images\00-03228_9366.jpeg";00-03228;
"C:\Users\Files\Downloads\images\00-03229_01_9369.jpeg";00-03229;"C:\Users\Files\Downloads\images\00-03229_01_9369.jpeg,C:\Users\Files\Downloads\images\00-03229_9368.jpeg"
"C:\Users\Files\Downloads\images\00-03229_9368.jpeg";00-03229;
"C:\Users\Files\Downloads\images\00-03230_01_9371.jpeg";00-03230;"C:\Users\Files\Downloads\images\00-03230_01_9371.jpeg,C:\Users\Files\Downloads\images\00-03230_02_9372.jpeg,C:\Users\Files\Downloads\images\00-03230_9370.jpeg"
"C:\Users\Files\Downloads\images\00-03230_02_9372.jpeg";00-03230;
"C:\Users\Files\Downloads\images\00-03230_9370.jpeg";00-03230;
"C:\Users\Files\Downloads\images\00-03232_01_9374.jpeg";00-03232;"C:\Users\Files\Downloads\images\00-03232_01_9374.jpeg,C:\Users\Files\Downloads\images\00-03232_02_9375.jpeg,C:\Users\Files\Downloads\images\00-03232_03_9376.jpeg,C:\Users\Files\Downloads\images\00-03232_9373.jpeg"
"C:\Users\Files\Downloads\images\00-03232_02_9375.jpeg";00-03232;
"C:\Users\Files\Downloads\images\00-03232_03_9376.jpeg";00-03232;
"C:\Users\Files\Downloads\images\00-03232_9373.jpeg";00-03232;
"C:\Users\Files\Downloads\images\00-03235_01_17954.jpeg";00-03235;"C:\Users\Files\Downloads\images\00-03235_01_17954.jpeg,C:\Users\Files\Downloads\images\00-03235_02_17955.jpeg,C:\Users\Files\Downloads\images\00-03235_17956.jpeg"
"C:\Users\Files\Downloads\images\00-03235_02_17955.jpeg";00-03235;
"C:\Users\Files\Downloads\images\00-03235_17956.jpeg";00-03235;
"C:\Users\Files\Downloads\images\00-03236_01_18007.jpeg";00-03236;"C:\Users\Files\Downloads\images\00-03236_01_18007.jpeg,C:\Users\Files\Downloads\images\00-03236_18008.jpeg"
"C:\Users\Files\Downloads\images\00-03236_18008.jpeg";00-03236;
"C:\Users\Files\Downloads\images\00-03237_01_9383.jpeg";00-03237;"C:\Users\Files\Downloads\images\00-03237_01_9383.jpeg,C:\Users\Files\Downloads\images\00-03237_9382.jpeg"
"C:\Users\Files\Downloads\images\00-03237_9382.jpeg";00-03237;
"C:\Users\Files\Downloads\images\00-03241_01_17881.jpeg";00-03241;"C:\Users\Files\Downloads\images\00-03241_01_17881.jpeg,C:\Users\Files\Downloads\images\00-03241_02_17882.jpeg,C:\Users\Files\Downloads\images\00-03241_17883.jpeg"
"C:\Users\Files\Downloads\images\00-03241_02_17882.jpeg";00-03241;
"C:\Users\Files\Downloads\images\00-03241_17883.jpeg";00-03241;
"C:\Users\Files\Downloads\images\00-03246_01_17968.jpeg";00-03246;"C:\Users\Files\Downloads\images\00-03246_01_17968.jpeg,C:\Users\Files\Downloads\images\00-03246_17969.jpeg"
"C:\Users\Files\Downloads\images\00-03246_17969.jpeg";00-03246;
"C:\Users\Files\Downloads\images\00-03248_01_17970.jpeg";00-03248;"C:\Users\Files\Downloads\images\00-03248_01_17970.jpeg,C:\Users\Files\Downloads\images\00-03248_17971.jpeg"
"C:\Users\Files\Downloads\images\00-03248_17971.jpeg";00-03248;
"C:\Users\Files\Downloads\images\00-03252_01_17949.jpeg";00-03252;"C:\Users\Files\Downloads\images\00-03252_01_17949.jpeg,C:\Users\Files\Downloads\images\00-03252_17950.jpeg"
"C:\Users\Files\Downloads\images\00-03252_17950.jpeg";00-03252;
"C:\Users\Files\Downloads\images\00-03255_01_17906.jpeg";00-03255;"C:\Users\Files\Downloads\images\00-03255_01_17906.jpeg,C:\Users\Files\Downloads\images\00-03255_02_17907.jpeg,C:\Users\Files\Downloads\images\00-03255_03_17908.jpeg,C:\Users\Files\Downloads\images\00-03255_17909.jpeg"
"C:\Users\Files\Downloads\images\00-03255_02_17907.jpeg";00-03255;
"C:\Users\Files\Downloads\images\00-03255_03_17908.jpeg";00-03255;
"C:\Users\Files\Downloads\images\00-03255_17909.jpeg";00-03255;
"C:\Users\Files\Downloads\images\00-03257_01_17884.jpeg";00-03257;"C:\Users\Files\Downloads\images\00-03257_01_17884.jpeg,C:\Users\Files\Downloads\images\00-03257_02_17885.jpeg,C:\Users\Files\Downloads\images\00-03257_17886.jpeg"
"C:\Users\Files\Downloads\images\00-03257_02_17885.jpeg";00-03257;
"C:\Users\Files\Downloads\images\00-03257_17886.jpeg";00-03257;
"C:\Users\Files\Downloads\images\00-03263_01_17846.jpeg";00-03263;"C:\Users\Files\Downloads\images\00-03263_01_17846.jpeg,C:\Users\Files\Downloads\images\00-03263_17847.jpeg"
"C:\Users\Files\Downloads\images\00-03263_17847.jpeg";00-03263;
"C:\Users\Files\Downloads\images\00-03265_01_8603.jpg";00-03265;"C:\Users\Files\Downloads\images\00-03265_01_8603.jpg,C:\Users\Files\Downloads\images\00-03265_8602.jpg"
"C:\Users\Files\Downloads\images\00-03265_8602.jpg";00-03265;
"C:\Users\Files\Downloads\images\00-03266_01_9406.jpeg";00-03266;"C:\Users\Files\Downloads\images\00-03266_01_9406.jpeg,C:\Users\Files\Downloads\images\00-03266_9405.jpeg"
"C:\Users\Files\Downloads\images\00-03266_9405.jpeg";00-03266;
"C:\Users\Files\Downloads\images\00-03267_01_17848.jpg";00-03267;"C:\Users\Files\Downloads\images\00-03267_01_17848.jpg,C:\Users\Files\Downloads\images\00-03267_17849.jpg"
"C:\Users\Files\Downloads\images\00-03267_17849.jpg";00-03267;
"C:\Users\Files\Downloads\images\00-03268_01_9408.jpeg";00-03268;"C:\Users\Files\Downloads\images\00-03268_01_9408.jpeg,C:\Users\Files\Downloads\images\00-03268_9407.jpeg"
"C:\Users\Files\Downloads\images\00-03268_9407.jpeg";00-03268;
"C:\Users\Files\Downloads\images\00-03270_01_9410.jpeg";00-03270;"C:\Users\Files\Downloads\images\00-03270_01_9410.jpeg,C:\Users\Files\Downloads\images\00-03270_02_16598.jpg,C:\Users\Files\Downloads\images\00-03270_9409.jpeg"
"C:\Users\Files\Downloads\images\00-03270_02_16598.jpg";00-03270;
"C:\Users\Files\Downloads\images\00-03270_9409.jpeg";00-03270;
"C:\Users\Files\Downloads\images\00-03272_01_17800.jpg";00-03272;"C:\Users\Files\Downloads\images\00-03272_01_17800.jpg,C:\Users\Files\Downloads\images\00-03272_02_17801.jpg,C:\Users\Files\Downloads\images\00-03272_17802.jpg"
"C:\Users\Files\Downloads\images\00-03272_02_17801.jpg";00-03272;
"C:\Users\Files\Downloads\images\00-03272_17802.jpg";00-03272;
"C:\Users\Files\Downloads\images\00-03275_01_17859.jpeg";00-03275;"C:\Users\Files\Downloads\images\00-03275_01_17859.jpeg,C:\Users\Files\Downloads\images\00-03275_02_17860.jpeg,C:\Users\Files\Downloads\images\00-03275_17861.jpeg"
"C:\Users\Files\Downloads\images\00-03275_02_17860.jpeg";00-03275;
"C:\Users\Files\Downloads\images\00-03275_17861.jpeg";00-03275;
"C:\Users\Files\Downloads\images\00-03279_01_17857.jpeg";00-03279;"C:\Users\Files\Downloads\images\00-03279_01_17857.jpeg,C:\Users\Files\Downloads\images\00-03279_17858.jpeg"
"C:\Users\Files\Downloads\images\00-03279_17858.jpeg";00-03279;
"C:\Users\Files\Downloads\images\00-03280_01_9417.jpeg";00-03280;"C:\Users\Files\Downloads\images\00-03280_01_9417.jpeg,C:\Users\Files\Downloads\images\00-03280_02_9418.jpeg,C:\Users\Files\Downloads\images\00-03280_9416.jpeg"
"C:\Users\Files\Downloads\images\00-03280_02_9418.jpeg";00-03280;
"C:\Users\Files\Downloads\images\00-03280_9416.jpeg";00-03280;
"C:\Users\Files\Downloads\images\00-03281_01_17865.jpeg";00-03281;"C:\Users\Files\Downloads\images\00-03281_01_17865.jpeg,C:\Users\Files\Downloads\images\00-03281_02_17866.jpeg,C:\Users\Files\Downloads\images\00-03281_03_17867.jpeg,C:\Users\Files\Downloads\images\00-03281_04_17868.jpeg,C:\Users\Files\Downloads\images\00-03281_05_17869.jpeg,C:\Users\Files\Downloads\images\00-03281_17870.jpeg"
"C:\Users\Files\Downloads\images\00-03281_02_17866.jpeg";00-03281;
"C:\Users\Files\Downloads\images\00-03281_03_17867.jpeg";00-03281;
"C:\Users\Files\Downloads\images\00-03281_04_17868.jpeg";00-03281;
"C:\Users\Files\Downloads\images\00-03281_05_17869.jpeg";00-03281;
"C:\Users\Files\Downloads\images\00-03281_17870.jpeg";00-03281;
"C:\Users\Files\Downloads\images\00-03282_01_17803.jpeg";00-03282;"C:\Users\Files\Downloads\images\00-03282_01_17803.jpeg,C:\Users\Files\Downloads\images\00-03282_02_17804.jpeg,C:\Users\Files\Downloads\images\00-03282_17805.jpeg"
"C:\Users\Files\Downloads\images\00-03282_02_17804.jpeg";00-03282;
"C:\Users\Files\Downloads\images\00-03282_17805.jpeg";00-03282;
"C:\Users\Files\Downloads\images\00-03284_01_17919.jpeg";00-03284;"C:\Users\Files\Downloads\images\00-03284_01_17919.jpeg,C:\Users\Files\Downloads\images\00-03284_02_17920.jpeg,C:\Users\Files\Downloads\images\00-03284_17921.jpeg"
"C:\Users\Files\Downloads\images\00-03284_02_17920.jpeg";00-03284;
"C:\Users\Files\Downloads\images\00-03284_17921.jpeg";00-03284;
"C:\Users\Files\Downloads\images\00-03286_01_6072.jpg";00-03286;"C:\Users\Files\Downloads\images\00-03286_01_6072.jpg,C:\Users\Files\Downloads\images\00-03286_6071.jpg"
"C:\Users\Files\Downloads\images\00-03286_6071.jpg";00-03286;
"C:\Users\Files\Downloads\images\00-03289_01_17978.jpeg";00-03289;"C:\Users\Files\Downloads\images\00-03289_01_17978.jpeg,C:\Users\Files\Downloads\images\00-03289_17979.jpeg"
"C:\Users\Files\Downloads\images\00-03289_17979.jpeg";00-03289;
"C:\Users\Files\Downloads\images\00-03290_01_15402.jpg";00-03290;"C:\Users\Files\Downloads\images\00-03290_01_15402.jpg,C:\Users\Files\Downloads\images\00-03290_02_15403.jpg,C:\Users\Files\Downloads\images\00-03290_15401.jpg"
"C:\Users\Files\Downloads\images\00-03290_02_15403.jpg";00-03290;
"C:\Users\Files\Downloads\images\00-03290_15401.jpg";00-03290;
"C:\Users\Files\Downloads\images\00-03291_01_17940.jpeg";00-03291;"C:\Users\Files\Downloads\images\00-03291_01_17940.jpeg,C:\Users\Files\Downloads\images\00-03291_02_17941.jpeg,C:\Users\Files\Downloads\images\00-03291_17942.jpeg"
"C:\Users\Files\Downloads\images\00-03291_02_17941.jpeg";00-03291;
"C:\Users\Files\Downloads\images\00-03291_17942.jpeg";00-03291;
"C:\Users\Files\Downloads\images\00-03293_01_17960.jpeg";00-03293;"C:\Users\Files\Downloads\images\00-03293_01_17960.jpeg,C:\Users\Files\Downloads\images\00-03293_17961.jpeg"
"C:\Users\Files\Downloads\images\00-03293_17961.jpeg";00-03293;
"C:\Users\Files\Downloads\images\00-03294_01_17829.jpeg";00-03294;"C:\Users\Files\Downloads\images\00-03294_01_17829.jpeg,C:\Users\Files\Downloads\images\00-03294_02_17830.jpeg,C:\Users\Files\Downloads\images\00-03294_17831.jpeg"
"C:\Users\Files\Downloads\images\00-03294_02_17830.jpeg";00-03294;
"C:\Users\Files\Downloads\images\00-03294_17831.jpeg";00-03294;
"C:\Users\Files\Downloads\images\00-03295_01_8614.jpg";00-03295;"C:\Users\Files\Downloads\images\00-03295_01_8614.jpg,C:\Users\Files\Downloads\images\00-03295_8613.jpg"
"C:\Users\Files\Downloads\images\00-03295_8613.jpg";00-03295;
"C:\Users\Files\Downloads\images\00-03296_01_17938.jpeg";00-03296;"C:\Users\Files\Downloads\images\00-03296_01_17938.jpeg,C:\Users\Files\Downloads\images\00-03296_17939.jpeg"
"C:\Users\Files\Downloads\images\00-03296_17939.jpeg";00-03296;
"C:\Users\Files\Downloads\images\00-03297_01_17972.jpeg";00-03297;"C:\Users\Files\Downloads\images\00-03297_01_17972.jpeg,C:\Users\Files\Downloads\images\00-03297_02_17973.jpeg,C:\Users\Files\Downloads\images\00-03297_17974.jpeg"
"C:\Users\Files\Downloads\images\00-03297_02_17973.jpeg";00-03297;
"C:\Users\Files\Downloads\images\00-03297_17974.jpeg";00-03297;
"C:\Users\Files\Downloads\images\00-03298_01_9447.jpeg";00-03298;"C:\Users\Files\Downloads\images\00-03298_01_9447.jpeg,C:\Users\Files\Downloads\images\00-03298_02_9448.jpeg,C:\Users\Files\Downloads\images\00-03298_9446.jpeg"
"C:\Users\Files\Downloads\images\00-03298_02_9448.jpeg";00-03298;
"C:\Users\Files\Downloads\images\00-03298_9446.jpeg";00-03298;
"C:\Users\Files\Downloads\images\00-03299_01_17975.jpeg";00-03299;"C:\Users\Files\Downloads\images\00-03299_01_17975.jpeg,C:\Users\Files\Downloads\images\00-03299_02_17976.jpeg,C:\Users\Files\Downloads\images\00-03299_17977.jpeg"
"C:\Users\Files\Downloads\images\00-03299_02_17976.jpeg";00-03299;
"C:\Users\Files\Downloads\images\00-03299_17977.jpeg";00-03299;
"C:\Users\Files\Downloads\images\00-03305_01_9453.jpeg";00-03305;"C:\Users\Files\Downloads\images\00-03305_01_9453.jpeg,C:\Users\Files\Downloads\images\00-03305_9452.jpeg"
"C:\Users\Files\Downloads\images\00-03305_9452.jpeg";00-03305;
"C:\Users\Files\Downloads\images\00-03306_01_17994.jpg";00-03306;"C:\Users\Files\Downloads\images\00-03306_01_17994.jpg,C:\Users\Files\Downloads\images\00-03306_17995.jpg"
"C:\Users\Files\Downloads\images\00-03306_17995.jpg";00-03306;
"C:\Users\Files\Downloads\images\00-03310_01_17986.jpeg";00-03310;"C:\Users\Files\Downloads\images\00-03310_01_17986.jpeg,C:\Users\Files\Downloads\images\00-03310_17987.jpeg"
"C:\Users\Files\Downloads\images\00-03310_17987.jpeg";00-03310;
"C:\Users\Files\Downloads\images\00-03312_01_17982.jpg";00-03312;"C:\Users\Files\Downloads\images\00-03312_01_17982.jpg,C:\Users\Files\Downloads\images\00-03312_17983.jpg"
"C:\Users\Files\Downloads\images\00-03312_17983.jpg";00-03312;
"C:\Users\Files\Downloads\images\00-03313_01_9457.jpeg";00-03313;"C:\Users\Files\Downloads\images\00-03313_01_9457.jpeg,C:\Users\Files\Downloads\images\00-03313_9456.jpeg"
"C:\Users\Files\Downloads\images\00-03313_9456.jpeg";00-03313;
"C:\Users\Files\Downloads\images\00-03315_9458.jpeg";00-03315;"C:\Users\Files\Downloads\images\00-03315_9458.jpeg"
"C:\Users\Files\Downloads\images\00-03316_9459.jpeg";00-03316;"C:\Users\Files\Downloads\images\00-03316_9459.jpeg"
"C:\Users\Files\Downloads\images\00-03317_01_18074.jpg";00-03317;"C:\Users\Files\Downloads\images\00-03317_01_18074.jpg,C:\Users\Files\Downloads\images\00-03317_18075.jpg"
"C:\Users\Files\Downloads\images\00-03317_18075.jpg";00-03317;
"C:\Users\Files\Downloads\images\00-03318_01_16295.jpg";00-03318;"C:\Users\Files\Downloads\images\00-03318_01_16295.jpg,C:\Users\Files\Downloads\images\00-03318_02_16296.jpg,C:\Users\Files\Downloads\images\00-03318_16294.jpg"
"C:\Users\Files\Downloads\images\00-03318_02_16296.jpg";00-03318;
"C:\Users\Files\Downloads\images\00-03318_16294.jpg";00-03318;
"C:\Users\Files\Downloads\images\00-03319_16297.jpg";00-03319;"C:\Users\Files\Downloads\images\00-03319_16297.jpg"
"C:\Users\Files\Downloads\images\00-03320_01_16299.jpg";00-03320;"C:\Users\Files\Downloads\images\00-03320_01_16299.jpg,C:\Users\Files\Downloads\images\00-03320_16298.jpg"
"C:\Users\Files\Downloads\images\00-03320_16298.jpg";00-03320;
"C:\Users\Files\Downloads\images\00-03321_01_18600.jpg";00-03321;"C:\Users\Files\Downloads\images\00-03321_01_18600.jpg,C:\Users\Files\Downloads\images\00-03321_02_18601.jpg,C:\Users\Files\Downloads\images\00-03321_18599.jpg"
"C:\Users\Files\Downloads\images\00-03321_02_18601.jpg";00-03321;
"C:\Users\Files\Downloads\images\00-03321_18599.jpg";00-03321;
"C:\Users\Files\Downloads\images\00-03322_01_18603.jpg";00-03322;"C:\Users\Files\Downloads\images\00-03322_01_18603.jpg,C:\Users\Files\Downloads\images\00-03322_02_18604.jpg,C:\Users\Files\Downloads\images\00-03322_03_18605.jpg,C:\Users\Files\Downloads\images\00-03322_04_18606.jpg,C:\Users\Files\Downloads\images\00-03322_18602.jpg"
"C:\Users\Files\Downloads\images\00-03322_02_18604.jpg";00-03322;
"C:\Users\Files\Downloads\images\00-03322_03_18605.jpg";00-03322;
"C:\Users\Files\Downloads\images\00-03322_04_18606.jpg";00-03322;
"C:\Users\Files\Downloads\images\00-03322_18602.jpg";00-03322;
"C:\Users\Files\Downloads\images\00-03331_9460.jpeg";00-03331;"C:\Users\Files\Downloads\images\00-03331_9460.jpeg"
"C:\Users\Files\Downloads\images\00-03333_9461.jpeg";00-03333;"C:\Users\Files\Downloads\images\00-03333_9461.jpeg"
"C:\Users\Files\Downloads\images\00-03351_01_9463.jpeg";00-03351;"C:\Users\Files\Downloads\images\00-03351_01_9463.jpeg,C:\Users\Files\Downloads\images\00-03351_02_9464.jpeg,C:\Users\Files\Downloads\images\00-03351_9462.jpeg"
"C:\Users\Files\Downloads\images\00-03351_02_9464.jpeg";00-03351;
"C:\Users\Files\Downloads\images\00-03351_9462.jpeg";00-03351;
"C:\Users\Files\Downloads\images\00-03352_01_17871.jpg";00-03352;"C:\Users\Files\Downloads\images\00-03352_01_17871.jpg,C:\Users\Files\Downloads\images\00-03352_02_17872.jpg,C:\Users\Files\Downloads\images\00-03352_17873.jpg"
"C:\Users\Files\Downloads\images\00-03352_02_17872.jpg";00-03352;
"C:\Users\Files\Downloads\images\00-03352_17873.jpg";00-03352;
"C:\Users\Files\Downloads\images\00-03353_01_17850.jpeg";00-03353;"C:\Users\Files\Downloads\images\00-03353_01_17850.jpeg,C:\Users\Files\Downloads\images\00-03353_02_17851.jpeg,C:\Users\Files\Downloads\images\00-03353_17852.jpeg"
"C:\Users\Files\Downloads\images\00-03353_02_17851.jpeg";00-03353;
"C:\Users\Files\Downloads\images\00-03353_17852.jpeg";00-03353;
"C:\Users\Files\Downloads\images\00-03357_01_17798.jpeg";00-03357;"C:\Users\Files\Downloads\images\00-03357_01_17798.jpeg,C:\Users\Files\Downloads\images\00-03357_17799.jpeg"
"C:\Users\Files\Downloads\images\00-03357_17799.jpeg";00-03357;
"C:\Users\Files\Downloads\images\00-03358_01_9471.jpeg";00-03358;"C:\Users\Files\Downloads\images\00-03358_01_9471.jpeg,C:\Users\Files\Downloads\images\00-03358_02_9472.jpeg,C:\Users\Files\Downloads\images\00-03358_9470.jpeg"
"C:\Users\Files\Downloads\images\00-03358_02_9472.jpeg";00-03358;
"C:\Users\Files\Downloads\images\00-03358_9470.jpeg";00-03358;
"C:\Users\Files\Downloads\images\00-03363_01_17943.jpeg";00-03363;"C:\Users\Files\Downloads\images\00-03363_01_17943.jpeg,C:\Users\Files\Downloads\images\00-03363_02_17944.jpeg,C:\Users\Files\Downloads\images\00-03363_03_17945.jpeg,C:\Users\Files\Downloads\images\00-03363_17946.jpeg"
"C:\Users\Files\Downloads\images\00-03363_02_17944.jpeg";00-03363;
"C:\Users\Files\Downloads\images\00-03363_03_17945.jpeg";00-03363;
"C:\Users\Files\Downloads\images\00-03363_17946.jpeg";00-03363;
"C:\Users\Files\Downloads\images\00-03366_01_9480.jpeg";00-03366;"C:\Users\Files\Downloads\images\00-03366_01_9480.jpeg,C:\Users\Files\Downloads\images\00-03366_9479.jpeg"
"C:\Users\Files\Downloads\images\00-03366_9479.jpeg";00-03366;
"C:\Users\Files\Downloads\images\00-03367_01_9482.jpeg";00-03367;"C:\Users\Files\Downloads\images\00-03367_01_9482.jpeg,C:\Users\Files\Downloads\images\00-03367_9481.jpeg"
"C:\Users\Files\Downloads\images\00-03367_9481.jpeg";00-03367;
"C:\Users\Files\Downloads\images\00-03370_01_9484.jpeg";00-03370;"C:\Users\Files\Downloads\images\00-03370_01_9484.jpeg,C:\Users\Files\Downloads\images\00-03370_02_9485.jpeg,C:\Users\Files\Downloads\images\00-03370_9483.jpeg"
"C:\Users\Files\Downloads\images\00-03370_02_9485.jpeg";00-03370;
"C:\Users\Files\Downloads\images\00-03370_9483.jpeg";00-03370;
"C:\Users\Files\Downloads\images\00-03371_01_9487.jpeg";00-03371;"C:\Users\Files\Downloads\images\00-03371_01_9487.jpeg,C:\Users\Files\Downloads\images\00-03371_9486.jpeg"
"C:\Users\Files\Downloads\images\00-03371_9486.jpeg";00-03371;
"C:\Users\Files\Downloads\images\00-03372_01_17839.jpg";00-03372;"C:\Users\Files\Downloads\images\00-03372_01_17839.jpg,C:\Users\Files\Downloads\images\00-03372_02_17840.jpg,C:\Users\Files\Downloads\images\00-03372_03_17841.jpg,C:\Users\Files\Downloads\images\00-03372_17842.jpg"
"C:\Users\Files\Downloads\images\00-03372_02_17840.jpg";00-03372;
"C:\Users\Files\Downloads\images\00-03372_03_17841.jpg";00-03372;
"C:\Users\Files\Downloads\images\00-03372_17842.jpg";00-03372;
"C:\Users\Files\Downloads\images\00-03373_01_17913.jpeg";00-03373;"C:\Users\Files\Downloads\images\00-03373_01_17913.jpeg,C:\Users\Files\Downloads\images\00-03373_17914.jpeg"
"C:\Users\Files\Downloads\images\00-03373_17914.jpeg";00-03373;
"C:\Users\Files\Downloads\images\00-03375_01_17910.jpeg";00-03375;"C:\Users\Files\Downloads\images\00-03375_01_17910.jpeg,C:\Users\Files\Downloads\images\00-03375_02_17911.jpeg,C:\Users\Files\Downloads\images\00-03375_17912.jpeg"
"C:\Users\Files\Downloads\images\00-03375_02_17911.jpeg";00-03375;
"C:\Users\Files\Downloads\images\00-03375_17912.jpeg";00-03375;
"C:\Users\Files\Downloads\images\00-03376_01_9496.jpeg";00-03376;"C:\Users\Files\Downloads\images\00-03376_01_9496.jpeg,C:\Users\Files\Downloads\images\00-03376_9495.jpeg"
"C:\Users\Files\Downloads\images\00-03376_9495.jpeg";00-03376;
"C:\Users\Files\Downloads\images\00-03377_01_9498.jpeg";00-03377;"C:\Users\Files\Downloads\images\00-03377_01_9498.jpeg,C:\Users\Files\Downloads\images\00-03377_02_16256.jpg,C:\Users\Files\Downloads\images\00-03377_03_16255.jpg,C:\Users\Files\Downloads\images\00-03377_04_16257.jpg,C:\Users\Files\Downloads\images\00-03377_9497.jpeg"
"C:\Users\Files\Downloads\images\00-03377_02_16256.jpg";00-03377;
"C:\Users\Files\Downloads\images\00-03377_03_16255.jpg";00-03377;
"C:\Users\Files\Downloads\images\00-03377_04_16257.jpg";00-03377;
"C:\Users\Files\Downloads\images\00-03377_9497.jpeg";00-03377;
"C:\Users\Files\Downloads\images\00-03378_01_17824.jpeg";00-03378;"C:\Users\Files\Downloads\images\00-03378_01_17824.jpeg,C:\Users\Files\Downloads\images\00-03378_02_17825.jpeg,C:\Users\Files\Downloads\images\00-03378_17826.jpeg"
"C:\Users\Files\Downloads\images\00-03378_02_17825.jpeg";00-03378;
"C:\Users\Files\Downloads\images\00-03378_17826.jpeg";00-03378;
"C:\Users\Files\Downloads\images\00-03379_01_17822.jpeg";00-03379;"C:\Users\Files\Downloads\images\00-03379_01_17822.jpeg,C:\Users\Files\Downloads\images\00-03379_17823.jpeg"
"C:\Users\Files\Downloads\images\00-03379_17823.jpeg";00-03379;
"C:\Users\Files\Downloads\images\00-03380_01_17781.jpeg";00-03380;"C:\Users\Files\Downloads\images\00-03380_01_17781.jpeg,C:\Users\Files\Downloads\images\00-03380_17782.jpeg"
"C:\Users\Files\Downloads\images\00-03380_17782.jpeg";00-03380;
"C:\Users\Files\Downloads\images\00-03381_01_9507.jpeg";00-03381;"C:\Users\Files\Downloads\images\00-03381_01_9507.jpeg,C:\Users\Files\Downloads\images\00-03381_9506.jpeg"
"C:\Users\Files\Downloads\images\00-03381_9506.jpeg";00-03381;
"C:\Users\Files\Downloads\images\00-03382_01_9509.jpeg";00-03382;"C:\Users\Files\Downloads\images\00-03382_01_9509.jpeg,C:\Users\Files\Downloads\images\00-03382_02_9510.jpeg,C:\Users\Files\Downloads\images\00-03382_9508.jpeg"
"C:\Users\Files\Downloads\images\00-03382_02_9510.jpeg";00-03382;
"C:\Users\Files\Downloads\images\00-03382_9508.jpeg";00-03382;
"C:\Users\Files\Downloads\images\00-03383_01_17902.jpeg";00-03383;"C:\Users\Files\Downloads\images\00-03383_01_17902.jpeg,C:\Users\Files\Downloads\images\00-03383_02_17903.jpg,C:\Users\Files\Downloads\images\00-03383_03_17904.jpg,C:\Users\Files\Downloads\images\00-03383_17905.jpeg"
"C:\Users\Files\Downloads\images\00-03383_02_17903.jpg";00-03383;
"C:\Users\Files\Downloads\images\00-03383_03_17904.jpg";00-03383;
"C:\Users\Files\Downloads\images\00-03383_17905.jpeg";00-03383;
"C:\Users\Files\Downloads\images\00-03384_01_9514.jpeg";00-03384;"C:\Users\Files\Downloads\images\00-03384_01_9514.jpeg,C:\Users\Files\Downloads\images\00-03384_9513.jpeg"
"C:\Users\Files\Downloads\images\00-03384_9513.jpeg";00-03384;
"C:\Users\Files\Downloads\images\00-03385_01_9516.jpeg";00-03385;"C:\Users\Files\Downloads\images\00-03385_01_9516.jpeg,C:\Users\Files\Downloads\images\00-03385_02_9517.jpeg,C:\Users\Files\Downloads\images\00-03385_9515.jpeg"
"C:\Users\Files\Downloads\images\00-03385_02_9517.jpeg";00-03385;
"C:\Users\Files\Downloads\images\00-03385_9515.jpeg";00-03385;
"C:\Users\Files\Downloads\images\00-03387_01_17806.jpg";00-03387;"C:\Users\Files\Downloads\images\00-03387_01_17806.jpg,C:\Users\Files\Downloads\images\00-03387_02_17807.jpg,C:\Users\Files\Downloads\images\00-03387_17808.jpg"
"C:\Users\Files\Downloads\images\00-03387_02_17807.jpg";00-03387;
"C:\Users\Files\Downloads\images\00-03387_17808.jpg";00-03387;
"C:\Users\Files\Downloads\images\00-03388_01_17809.jpg";00-03388;"C:\Users\Files\Downloads\images\00-03388_01_17809.jpg,C:\Users\Files\Downloads\images\00-03388_02_17810.jpg,C:\Users\Files\Downloads\images\00-03388_17811.jpg"
"C:\Users\Files\Downloads\images\00-03388_02_17810.jpg";00-03388;
"C:\Users\Files\Downloads\images\00-03388_17811.jpg";00-03388;
"C:\Users\Files\Downloads\images\00-03389_01_15429.jpg";00-03389;"C:\Users\Files\Downloads\images\00-03389_01_15429.jpg,C:\Users\Files\Downloads\images\00-03389_02_15430.jpg,C:\Users\Files\Downloads\images\00-03389_15428.jpg"
"C:\Users\Files\Downloads\images\00-03389_02_15430.jpg";00-03389;
"C:\Users\Files\Downloads\images\00-03389_15428.jpg";00-03389;
"C:\Users\Files\Downloads\images\00-03390_01_17815.jpg";00-03390;"C:\Users\Files\Downloads\images\00-03390_01_17815.jpg,C:\Users\Files\Downloads\images\00-03390_02_17816.jpg,C:\Users\Files\Downloads\images\00-03390_17817.jpg"
"C:\Users\Files\Downloads\images\00-03390_02_17816.jpg";00-03390;
"C:\Users\Files\Downloads\images\00-03390_17817.jpg";00-03390;
"C:\Users\Files\Downloads\images\00-03391_01_9519.jpeg";00-03391;"C:\Users\Files\Downloads\images\00-03391_01_9519.jpeg,C:\Users\Files\Downloads\images\00-03391_02_9520.jpeg,C:\Users\Files\Downloads\images\00-03391_9518.jpeg"
"C:\Users\Files\Downloads\images\00-03391_02_9520.jpeg";00-03391;
"C:\Users\Files\Downloads\images\00-03391_9518.jpeg";00-03391;
"C:\Users\Files\Downloads\images\00-03392_01_9522.jpeg";00-03392;"C:\Users\Files\Downloads\images\00-03392_01_9522.jpeg,C:\Users\Files\Downloads\images\00-03392_9521.jpeg"
"C:\Users\Files\Downloads\images\00-03392_9521.jpeg";00-03392;
"C:\Users\Files\Downloads\images\00-03393_01_15435.jpg";00-03393;"C:\Users\Files\Downloads\images\00-03393_01_15435.jpg,C:\Users\Files\Downloads\images\00-03393_15434.jpg"
"C:\Users\Files\Downloads\images\00-03393_15434.jpg";00-03393;
"C:\Users\Files\Downloads\images\00-03394_01_17922.jpeg";00-03394;"C:\Users\Files\Downloads\images\00-03394_01_17922.jpeg,C:\Users\Files\Downloads\images\00-03394_02_17923.jpg,C:\Users\Files\Downloads\images\00-03394_03_17924.jpg,C:\Users\Files\Downloads\images\00-03394_17925.jpeg"
"C:\Users\Files\Downloads\images\00-03394_02_17923.jpg";00-03394;
"C:\Users\Files\Downloads\images\00-03394_03_17924.jpg";00-03394;
"C:\Users\Files\Downloads\images\00-03394_17925.jpeg";00-03394;
"C:\Users\Files\Downloads\images\00-03395_01_9526.jpeg";00-03395;"C:\Users\Files\Downloads\images\00-03395_01_9526.jpeg,C:\Users\Files\Downloads\images\00-03395_02_9527.jpeg,C:\Users\Files\Downloads\images\00-03395_9525.jpeg"
"C:\Users\Files\Downloads\images\00-03395_02_9527.jpeg";00-03395;
"C:\Users\Files\Downloads\images\00-03395_9525.jpeg";00-03395;
"C:\Users\Files\Downloads\images\00-03396_01_9529.jpeg";00-03396;"C:\Users\Files\Downloads\images\00-03396_01_9529.jpeg,C:\Users\Files\Downloads\images\00-03396_9528.jpeg"
"C:\Users\Files\Downloads\images\00-03396_9528.jpeg";00-03396;
"C:\Users\Files\Downloads\images\00-03398_01_9531.jpeg";00-03398;"C:\Users\Files\Downloads\images\00-03398_01_9531.jpeg,C:\Users\Files\Downloads\images\00-03398_02_9532.jpeg,C:\Users\Files\Downloads\images\00-03398_9530.jpeg"
"C:\Users\Files\Downloads\images\00-03398_02_9532.jpeg";00-03398;
"C:\Users\Files\Downloads\images\00-03398_9530.jpeg";00-03398;
"C:\Users\Files\Downloads\images\00-03402_01_17853.jpeg";00-03402;"C:\Users\Files\Downloads\images\00-03402_01_17853.jpeg,C:\Users\Files\Downloads\images\00-03402_17854.jpeg"
"C:\Users\Files\Downloads\images\00-03402_17854.jpeg";00-03402;
"C:\Users\Files\Downloads\images\00-03404_01_18032.jpg";00-03404;"C:\Users\Files\Downloads\images\00-03404_01_18032.jpg,C:\Users\Files\Downloads\images\00-03404_18033.jpg"
"C:\Users\Files\Downloads\images\00-03404_18033.jpg";00-03404;
"C:\Users\Files\Downloads\images\00-03407_01_9536.jpeg";00-03407;"C:\Users\Files\Downloads\images\00-03407_01_9536.jpeg,C:\Users\Files\Downloads\images\00-03407_9535.jpeg"
"C:\Users\Files\Downloads\images\00-03407_9535.jpeg";00-03407;
"C:\Users\Files\Downloads\images\00-03409_01_18657.jpg";00-03409;"C:\Users\Files\Downloads\images\00-03409_01_18657.jpg,C:\Users\Files\Downloads\images\00-03409_18656.jpg"
"C:\Users\Files\Downloads\images\00-03409_18656.jpg";00-03409;
"C:\Users\Files\Downloads\images\00-03411_01_9540.jpeg";00-03411;"C:\Users\Files\Downloads\images\00-03411_01_9540.jpeg,C:\Users\Files\Downloads\images\00-03411_9539.jpeg"
"C:\Users\Files\Downloads\images\00-03411_9539.jpeg";00-03411;
"C:\Users\Files\Downloads\images\00-03412_01_9542.jpeg";00-03412;"C:\Users\Files\Downloads\images\00-03412_01_9542.jpeg,C:\Users\Files\Downloads\images\00-03412_02_9543.jpeg,C:\Users\Files\Downloads\images\00-03412_03_9544.jpeg,C:\Users\Files\Downloads\images\00-03412_9541.jpeg"
"C:\Users\Files\Downloads\images\00-03412_02_9543.jpeg";00-03412;
"C:\Users\Files\Downloads\images\00-03412_03_9544.jpeg";00-03412;
"C:\Users\Files\Downloads\images\00-03412_9541.jpeg";00-03412;
"C:\Users\Files\Downloads\images\00-03413_01_9546.jpeg";00-03413;"C:\Users\Files\Downloads\images\00-03413_01_9546.jpeg,C:\Users\Files\Downloads\images\00-03413_02_9547.jpeg,C:\Users\Files\Downloads\images\00-03413_03_9548.jpeg,C:\Users\Files\Downloads\images\00-03413_9545.jpeg"
"C:\Users\Files\Downloads\images\00-03413_02_9547.jpeg";00-03413;
"C:\Users\Files\Downloads\images\00-03413_03_9548.jpeg";00-03413;
"C:\Users\Files\Downloads\images\00-03413_9545.jpeg";00-03413;
"C:\Users\Files\Downloads\images\00-03414_01_18071.jpg";00-03414;"C:\Users\Files\Downloads\images\00-03414_01_18071.jpg,C:\Users\Files\Downloads\images\00-03414_02_18072.jpg,C:\Users\Files\Downloads\images\00-03414_03_18070.jpg,C:\Users\Files\Downloads\images\00-03414_18073.jpg"
"C:\Users\Files\Downloads\images\00-03414_02_18072.jpg";00-03414;
"C:\Users\Files\Downloads\images\00-03414_03_18070.jpg";00-03414;
"C:\Users\Files\Downloads\images\00-03414_18073.jpg";00-03414;
"C:\Users\Files\Downloads\images\00-03415_01_9550.jpeg";00-03415;"C:\Users\Files\Downloads\images\00-03415_01_9550.jpeg,C:\Users\Files\Downloads\images\00-03415_02_9551.jpeg,C:\Users\Files\Downloads\images\00-03415_03_9552.jpeg,C:\Users\Files\Downloads\images\00-03415_9549.jpeg"
"C:\Users\Files\Downloads\images\00-03415_02_9551.jpeg";00-03415;
"C:\Users\Files\Downloads\images\00-03415_03_9552.jpeg";00-03415;
"C:\Users\Files\Downloads\images\00-03415_9549.jpeg";00-03415;
"C:\Users\Files\Downloads\images\00-03416_01_18054.jpg";00-03416;"C:\Users\Files\Downloads\images\00-03416_01_18054.jpg,C:\Users\Files\Downloads\images\00-03416_02_18055.jpg,C:\Users\Files\Downloads\images\00-03416_18056.jpg"
"C:\Users\Files\Downloads\images\00-03416_02_18055.jpg";00-03416;
"C:\Users\Files\Downloads\images\00-03416_18056.jpg";00-03416;
"C:\Users\Files\Downloads\images\00-03417_01_8560.jpg";00-03417;"C:\Users\Files\Downloads\images\00-03417_01_8560.jpg,C:\Users\Files\Downloads\images\00-03417_8561.jpg"
"C:\Users\Files\Downloads\images\00-03417_8561.jpg";00-03417;
"C:\Users\Files\Downloads\images\00-03418_01_16301.jpg";00-03418;"C:\Users\Files\Downloads\images\00-03418_01_16301.jpg,C:\Users\Files\Downloads\images\00-03418_02_16302.jpg,C:\Users\Files\Downloads\images\00-03418_16300.jpg"
"C:\Users\Files\Downloads\images\00-03418_02_16302.jpg";00-03418;
"C:\Users\Files\Downloads\images\00-03418_16300.jpg";00-03418;
"C:\Users\Files\Downloads\images\00-03419_16303.jpg";00-03419;"C:\Users\Files\Downloads\images\00-03419_16303.jpg"
"C:\Users\Files\Downloads\images\00-03422_01_16305.jpg";00-03422;"C:\Users\Files\Downloads\images\00-03422_01_16305.jpg,C:\Users\Files\Downloads\images\00-03422_16304.jpg"
"C:\Users\Files\Downloads\images\00-03422_16304.jpg";00-03422;
"C:\Users\Files\Downloads\images\00-03423_01_16307.jpg";00-03423;"C:\Users\Files\Downloads\images\00-03423_01_16307.jpg,C:\Users\Files\Downloads\images\00-03423_02_16308.jpg,C:\Users\Files\Downloads\images\00-03423_03_16309.jpg,C:\Users\Files\Downloads\images\00-03423_16306.jpg"
"C:\Users\Files\Downloads\images\00-03423_02_16308.jpg";00-03423;
"C:\Users\Files\Downloads\images\00-03423_03_16309.jpg";00-03423;
"C:\Users\Files\Downloads\images\00-03423_16306.jpg";00-03423;
"C:\Users\Files\Downloads\images\00-03425_01_18608.jpg";00-03425;"C:\Users\Files\Downloads\images\00-03425_01_18608.jpg,C:\Users\Files\Downloads\images\00-03425_02_18609.jpg,C:\Users\Files\Downloads\images\00-03425_18607.jpg"
"C:\Users\Files\Downloads\images\00-03425_02_18609.jpg";00-03425;
"C:\Users\Files\Downloads\images\00-03425_18607.jpg";00-03425;
"C:\Users\Files\Downloads\images\00-03426_01_18611.jpg";00-03426;"C:\Users\Files\Downloads\images\00-03426_01_18611.jpg,C:\Users\Files\Downloads\images\00-03426_02_18612.jpg,C:\Users\Files\Downloads\images\00-03426_18610.jpg"
"C:\Users\Files\Downloads\images\00-03426_02_18612.jpg";00-03426;
"C:\Users\Files\Downloads\images\00-03426_18610.jpg";00-03426;
"C:\Users\Files\Downloads\images\00-03427_01_16311.jpg";00-03427;"C:\Users\Files\Downloads\images\00-03427_01_16311.jpg,C:\Users\Files\Downloads\images\00-03427_02_18663.jpg,C:\Users\Files\Downloads\images\00-03427_03_16313.jpg,C:\Users\Files\Downloads\images\00-03427_16310.jpg"
"C:\Users\Files\Downloads\images\00-03427_02_18663.jpg";00-03427;
"C:\Users\Files\Downloads\images\00-03427_03_16313.jpg";00-03427;
"C:\Users\Files\Downloads\images\00-03427_16310.jpg";00-03427;
"C:\Users\Files\Downloads\images\00-03511_01_9554.jpeg";00-03511;"C:\Users\Files\Downloads\images\00-03511_01_9554.jpeg,C:\Users\Files\Downloads\images\00-03511_9553.jpeg"
"C:\Users\Files\Downloads\images\00-03511_9553.jpeg";00-03511;
"C:\Users\Files\Downloads\images\00-03512_01_9556.jpeg";00-03512;"C:\Users\Files\Downloads\images\00-03512_01_9556.jpeg,C:\Users\Files\Downloads\images\00-03512_9555.jpeg"
"C:\Users\Files\Downloads\images\00-03512_9555.jpeg";00-03512;
"C:\Users\Files\Downloads\images\00-03514_01_9558.jpeg";00-03514;"C:\Users\Files\Downloads\images\00-03514_01_9558.jpeg,C:\Users\Files\Downloads\images\00-03514_9557.jpeg"
"C:\Users\Files\Downloads\images\00-03514_9557.jpeg";00-03514;
"C:\Users\Files\Downloads\images\00-03524_01_9560.jpeg";00-03524;"C:\Users\Files\Downloads\images\00-03524_01_9560.jpeg,C:\Users\Files\Downloads\images\00-03524_9559.jpeg"
"C:\Users\Files\Downloads\images\00-03524_9559.jpeg";00-03524;
"C:\Users\Files\Downloads\images\00-03526_01_9562.jpeg";00-03526;"C:\Users\Files\Downloads\images\00-03526_01_9562.jpeg,C:\Users\Files\Downloads\images\00-03526_9561.jpeg"
"C:\Users\Files\Downloads\images\00-03526_9561.jpeg";00-03526;
"C:\Users\Files\Downloads\images\00-03527_01_9564.jpeg";00-03527;"C:\Users\Files\Downloads\images\00-03527_01_9564.jpeg,C:\Users\Files\Downloads\images\00-03527_9563.jpeg"
"C:\Users\Files\Downloads\images\00-03527_9563.jpeg";00-03527;
"C:\Users\Files\Downloads\images\00-03528_01_9566.jpeg";00-03528;"C:\Users\Files\Downloads\images\00-03528_01_9566.jpeg,C:\Users\Files\Downloads\images\00-03528_9565.jpeg"
"C:\Users\Files\Downloads\images\00-03528_9565.jpeg";00-03528;
"C:\Users\Files\Downloads\images\00-03535_01_9568.jpeg";00-03535;"C:\Users\Files\Downloads\images\00-03535_01_9568.jpeg,C:\Users\Files\Downloads\images\00-03535_02_9569.jpeg,C:\Users\Files\Downloads\images\00-03535_9567.jpeg"
"C:\Users\Files\Downloads\images\00-03535_02_9569.jpeg";00-03535;
"C:\Users\Files\Downloads\images\00-03535_9567.jpeg";00-03535;
"C:\Users\Files\Downloads\images\00-03536_01_9571.jpeg";00-03536;"C:\Users\Files\Downloads\images\00-03536_01_9571.jpeg,C:\Users\Files\Downloads\images\00-03536_9570.jpeg"
"C:\Users\Files\Downloads\images\00-03536_9570.jpeg";00-03536;
"C:\Users\Files\Downloads\images\00-03538_01_9573.jpeg";00-03538;"C:\Users\Files\Downloads\images\00-03538_01_9573.jpeg,C:\Users\Files\Downloads\images\00-03538_9572.jpeg"
"C:\Users\Files\Downloads\images\00-03538_9572.jpeg";00-03538;
"C:\Users\Files\Downloads\images\00-03539_01_9575.jpeg";00-03539;"C:\Users\Files\Downloads\images\00-03539_01_9575.jpeg,C:\Users\Files\Downloads\images\00-03539_9574.jpeg"
"C:\Users\Files\Downloads\images\00-03539_9574.jpeg";00-03539;
"C:\Users\Files\Downloads\images\00-03544_01_9577.jpeg";00-03544;"C:\Users\Files\Downloads\images\00-03544_01_9577.jpeg,C:\Users\Files\Downloads\images\00-03544_9576.jpeg"
"C:\Users\Files\Downloads\images\00-03544_9576.jpeg";00-03544;
"C:\Users\Files\Downloads\images\00-03545_01_9579.jpeg";00-03545;"C:\Users\Files\Downloads\images\00-03545_01_9579.jpeg,C:\Users\Files\Downloads\images\00-03545_9578.jpeg"
"C:\Users\Files\Downloads\images\00-03545_9578.jpeg";00-03545;
"C:\Users\Files\Downloads\images\00-03546_01_9581.jpeg";00-03546;"C:\Users\Files\Downloads\images\00-03546_01_9581.jpeg,C:\Users\Files\Downloads\images\00-03546_9580.jpeg"
"C:\Users\Files\Downloads\images\00-03546_9580.jpeg";00-03546;
"C:\Users\Files\Downloads\images\00-03610_01_19951.jpg";00-03610;"C:\Users\Files\Downloads\images\00-03610_01_19951.jpg,C:\Users\Files\Downloads\images\00-03610_02_19952.jpg,C:\Users\Files\Downloads\images\00-03610_03_19953.jpg,C:\Users\Files\Downloads\images\00-03610_04_19949.jpg,C:\Users\Files\Downloads\images\00-03610_05_19950.jpg,C:\Users\Files\Downloads\images\00-03610_19954.jpg"
"C:\Users\Files\Downloads\images\00-03610_02_19952.jpg";00-03610;
"C:\Users\Files\Downloads\images\00-03610_03_19953.jpg";00-03610;
"C:\Users\Files\Downloads\images\00-03610_04_19949.jpg";00-03610;
"C:\Users\Files\Downloads\images\00-03610_05_19950.jpg";00-03610;
"C:\Users\Files\Downloads\images\00-03610_19954.jpg";00-03610;
"C:\Users\Files\Downloads\images\00-03614_01_7695.jpg";00-03614;"C:\Users\Files\Downloads\images\00-03614_01_7695.jpg,C:\Users\Files\Downloads\images\00-03614_02_7696.jpg,C:\Users\Files\Downloads\images\00-03614_03_7697.jpg,C:\Users\Files\Downloads\images\00-03614_7694.jpg"
"C:\Users\Files\Downloads\images\00-03614_02_7696.jpg";00-03614;
"C:\Users\Files\Downloads\images\00-03614_03_7697.jpg";00-03614;
"C:\Users\Files\Downloads\images\00-03614_7694.jpg";00-03614;
"C:\Users\Files\Downloads\images\00-03912_01_17895.jpg";00-03912;"C:\Users\Files\Downloads\images\00-03912_01_17895.jpg,C:\Users\Files\Downloads\images\00-03912_17896.jpg"
"C:\Users\Files\Downloads\images\00-03912_17896.jpg";00-03912;
"C:\Users\Files\Downloads\images\00-03913-eu_01_17335.jpg";00-03913-eu;"C:\Users\Files\Downloads\images\00-03913-eu_01_17335.jpg,C:\Users\Files\Downloads\images\00-03913-eu_17334.jpg"
"C:\Users\Files\Downloads\images\00-03913-eu_17334.jpg";00-03913-eu;
"C:\Users\Files\Downloads\images\00-03915-eu_01_17878.jpg";00-03915-eu;"C:\Users\Files\Downloads\images\00-03915-eu_01_17878.jpg,C:\Users\Files\Downloads\images\00-03915-eu_02_17879.jpg,C:\Users\Files\Downloads\images\00-03915-eu_17880.jpg"
"C:\Users\Files\Downloads\images\00-03915-eu_02_17879.jpg";00-03915-eu;
"C:\Users\Files\Downloads\images\00-03915-eu_17880.jpg";00-03915-eu;
"C:\Users\Files\Downloads\images\00-03917-eu_01_17932.jpeg";00-03917-eu;"C:\Users\Files\Downloads\images\00-03917-eu_01_17932.jpeg,C:\Users\Files\Downloads\images\00-03917-eu_02_17933.jpeg,C:\Users\Files\Downloads\images\00-03917-eu_17934.jpeg"
"C:\Users\Files\Downloads\images\00-03917-eu_02_17933.jpeg";00-03917-eu;
"C:\Users\Files\Downloads\images\00-03917-eu_17934.jpeg";00-03917-eu;
"C:\Users\Files\Downloads\images\00-03918-eu_01_17874.jpg";00-03918-eu;"C:\Users\Files\Downloads\images\00-03918-eu_01_17874.jpg,C:\Users\Files\Downloads\images\00-03918-eu_17875.jpg"
"C:\Users\Files\Downloads\images\00-03918-eu_17875.jpg";00-03918-eu;
"C:\Users\Files\Downloads\images\00-03919-eu_01_17929.jpeg";00-03919-eu;"C:\Users\Files\Downloads\images\00-03919-eu_01_17929.jpeg,C:\Users\Files\Downloads\images\00-03919-eu_02_17930.jpeg,C:\Users\Files\Downloads\images\00-03919-eu_17931.jpeg"
"C:\Users\Files\Downloads\images\00-03919-eu_02_17930.jpeg";00-03919-eu;
"C:\Users\Files\Downloads\images\00-03919-eu_17931.jpeg";00-03919-eu;
"C:\Users\Files\Downloads\images\00-03920-us_01_18076.jpg";00-03920-us;"C:\Users\Files\Downloads\images\00-03920-us_01_18076.jpg,C:\Users\Files\Downloads\images\00-03920-us_02_18077.jpg,C:\Users\Files\Downloads\images\00-03920-us_03_18078.jpg,C:\Users\Files\Downloads\images\00-03920-us_18079.jpg"
"C:\Users\Files\Downloads\images\00-03920-us_02_18077.jpg";00-03920-us;
"C:\Users\Files\Downloads\images\00-03920-us_03_18078.jpg";00-03920-us;
"C:\Users\Files\Downloads\images\00-03920-us_18079.jpg";00-03920-us;
"C:\Users\Files\Downloads\images\00-03923-us_01_16315.jpg";00-03923-us;"C:\Users\Files\Downloads\images\00-03923-us_01_16315.jpg,C:\Users\Files\Downloads\images\00-03923-us_02_16316.jpg,C:\Users\Files\Downloads\images\00-03923-us_03_16317.jpg,C:\Users\Files\Downloads\images\00-03923-us_16314.jpg"
"C:\Users\Files\Downloads\images\00-03923-us_02_16316.jpg";00-03923-us;
"C:\Users\Files\Downloads\images\00-03923-us_03_16317.jpg";00-03923-us;
"C:\Users\Files\Downloads\images\00-03923-us_16314.jpg";00-03923-us;
"C:\Users\Files\Downloads\images\00-04505_01_9583.jpeg";00-04505;"C:\Users\Files\Downloads\images\00-04505_01_9583.jpeg,C:\Users\Files\Downloads\images\00-04505_9582.jpeg"
"C:\Users\Files\Downloads\images\00-04505_9582.jpeg";00-04505;
"C:\Users\Files\Downloads\images\00-04526_01_7703.jpg";00-04526;"C:\Users\Files\Downloads\images\00-04526_01_7703.jpg,C:\Users\Files\Downloads\images\00-04526_02_7704.jpg,C:\Users\Files\Downloads\images\00-04526_7702.jpg"
"C:\Users\Files\Downloads\images\00-04526_02_7704.jpg";00-04526;
"C:\Users\Files\Downloads\images\00-04526_7702.jpg";00-04526;
"C:\Users\Files\Downloads\images\00-04541_01_9587.jpeg";00-04541;"C:\Users\Files\Downloads\images\00-04541_01_9587.jpeg,C:\Users\Files\Downloads\images\00-04541_02_9588.jpeg,C:\Users\Files\Downloads\images\00-04541_9586.jpeg"
"C:\Users\Files\Downloads\images\00-04541_02_9588.jpeg";00-04541;
"C:\Users\Files\Downloads\images\00-04541_9586.jpeg";00-04541;
"C:\Users\Files\Downloads\images\00-04544_01_9590.jpeg";00-04544;"C:\Users\Files\Downloads\images\00-04544_01_9590.jpeg,C:\Users\Files\Downloads\images\00-04544_02_9591.jpeg,C:\Users\Files\Downloads\images\00-04544_9589.jpeg"
"C:\Users\Files\Downloads\images\00-04544_02_9591.jpeg";00-04544;
"C:\Users\Files\Downloads\images\00-04544_9589.jpeg";00-04544;
"C:\Users\Files\Downloads\images\00-04551_01_9593.jpeg";00-04551;"C:\Users\Files\Downloads\images\00-04551_01_9593.jpeg,C:\Users\Files\Downloads\images\00-04551_9592.jpeg"
"C:\Users\Files\Downloads\images\00-04551_9592.jpeg";00-04551;
"C:\Users\Files\Downloads\images\00-04560_01_9597.jpeg";00-04560;"C:\Users\Files\Downloads\images\00-04560_01_9597.jpeg,C:\Users\Files\Downloads\images\00-04560_9596.jpeg"
"C:\Users\Files\Downloads\images\00-04560_9596.jpeg";00-04560;
"C:\Users\Files\Downloads\images\00-04563_01_9599.jpeg";00-04563;"C:\Users\Files\Downloads\images\00-04563_01_9599.jpeg,C:\Users\Files\Downloads\images\00-04563_9598.jpeg"
"C:\Users\Files\Downloads\images\00-04563_9598.jpeg";00-04563;
"C:\Users\Files\Downloads\images\00-04564_01_9601.jpeg";00-04564;"C:\Users\Files\Downloads\images\00-04564_01_9601.jpeg,C:\Users\Files\Downloads\images\00-04564_9600.jpeg"
"C:\Users\Files\Downloads\images\00-04564_9600.jpeg";00-04564;
"C:\Users\Files\Downloads\images\00-04565_01_7706.jpg";00-04565;"C:\Users\Files\Downloads\images\00-04565_01_7706.jpg,C:\Users\Files\Downloads\images\00-04565_02_7707.jpg,C:\Users\Files\Downloads\images\00-04565_7705.jpg"
"C:\Users\Files\Downloads\images\00-04565_02_7707.jpg";00-04565;
"C:\Users\Files\Downloads\images\00-04565_7705.jpg";00-04565;
"C:\Users\Files\Downloads\images\00-04567_01_9603.jpeg";00-04567;"C:\Users\Files\Downloads\images\00-04567_01_9603.jpeg,C:\Users\Files\Downloads\images\00-04567_9602.jpeg"
"C:\Users\Files\Downloads\images\00-04567_9602.jpeg";00-04567;
"C:\Users\Files\Downloads\images\00-04584_01_7400.jpg";00-04584;"C:\Users\Files\Downloads\images\00-04584_01_7400.jpg,C:\Users\Files\Downloads\images\00-04584_7399.jpg"
"C:\Users\Files\Downloads\images\00-04584_7399.jpg";00-04584;
"C:\Users\Files\Downloads\images\00-04585_01_7398.jpg";00-04585;"C:\Users\Files\Downloads\images\00-04585_01_7398.jpg,C:\Users\Files\Downloads\images\00-04585_7397.jpg"
"C:\Users\Files\Downloads\images\00-04585_7397.jpg";00-04585;
"C:\Users\Files\Downloads\images\00-04588_01_9605.jpeg";00-04588;"C:\Users\Files\Downloads\images\00-04588_01_9605.jpeg,C:\Users\Files\Downloads\images\00-04588_02_17390.jpg,C:\Users\Files\Downloads\images\00-04588_9604.jpeg"
"C:\Users\Files\Downloads\images\00-04588_02_17390.jpg";00-04588;
"C:\Users\Files\Downloads\images\00-04588_9604.jpeg";00-04588;
"C:\Users\Files\Downloads\images\00-04612_01_9607.jpeg";00-04612;"C:\Users\Files\Downloads\images\00-04612_01_9607.jpeg,C:\Users\Files\Downloads\images\00-04612_9606.jpeg"
"C:\Users\Files\Downloads\images\00-04612_9606.jpeg";00-04612;
"C:\Users\Files\Downloads\images\00-04617_01_9609.jpeg";00-04617;"C:\Users\Files\Downloads\images\00-04617_01_9609.jpeg,C:\Users\Files\Downloads\images\00-04617_9608.jpeg"
"C:\Users\Files\Downloads\images\00-04617_9608.jpeg";00-04617;
"C:\Users\Files\Downloads\images\00-04618_01_9611.jpeg";00-04618;"C:\Users\Files\Downloads\images\00-04618_01_9611.jpeg,C:\Users\Files\Downloads\images\00-04618_9610.jpeg"
"C:\Users\Files\Downloads\images\00-04618_9610.jpeg";00-04618;
"C:\Users\Files\Downloads\images\00-04653_01_9615.jpeg";00-04653;"C:\Users\Files\Downloads\images\00-04653_01_9615.jpeg,C:\Users\Files\Downloads\images\00-04653_9614.jpeg"
"C:\Users\Files\Downloads\images\00-04653_9614.jpeg";00-04653;
"C:\Users\Files\Downloads\images\00-04654_01_9617.jpeg";00-04654;"C:\Users\Files\Downloads\images\00-04654_01_9617.jpeg,C:\Users\Files\Downloads\images\00-04654_9616.jpeg"
"C:\Users\Files\Downloads\images\00-04654_9616.jpeg";00-04654;
"C:\Users\Files\Downloads\images\00-04655_01_9619.jpeg";00-04655;"C:\Users\Files\Downloads\images\00-04655_01_9619.jpeg,C:\Users\Files\Downloads\images\00-04655_02_9620.jpeg,C:\Users\Files\Downloads\images\00-04655_9618.jpeg"
"C:\Users\Files\Downloads\images\00-04655_02_9620.jpeg";00-04655;
"C:\Users\Files\Downloads\images\00-04655_9618.jpeg";00-04655;
"C:\Users\Files\Downloads\images\00-04662_01_9622.jpeg";00-04662;"C:\Users\Files\Downloads\images\00-04662_01_9622.jpeg,C:\Users\Files\Downloads\images\00-04662_9621.jpeg"
"C:\Users\Files\Downloads\images\00-04662_9621.jpeg";00-04662;
"C:\Users\Files\Downloads\images\00-04664_01_9624.jpeg";00-04664;"C:\Users\Files\Downloads\images\00-04664_01_9624.jpeg,C:\Users\Files\Downloads\images\00-04664_9623.jpeg"
"C:\Users\Files\Downloads\images\00-04664_9623.jpeg";00-04664;
"C:\Users\Files\Downloads\images\00-04666_01_9628.jpeg";00-04666;"C:\Users\Files\Downloads\images\00-04666_01_9628.jpeg,C:\Users\Files\Downloads\images\00-04666_9627.jpeg"
"C:\Users\Files\Downloads\images\00-04666_9627.jpeg";00-04666;
"C:\Users\Files\Downloads\images\00-04667_01_9630.jpeg";00-04667;"C:\Users\Files\Downloads\images\00-04667_01_9630.jpeg,C:\Users\Files\Downloads\images\00-04667_9629.jpeg"
"C:\Users\Files\Downloads\images\00-04667_9629.jpeg";00-04667;
"C:\Users\Files\Downloads\images\00-04668_01_9632.jpeg";00-04668;"C:\Users\Files\Downloads\images\00-04668_01_9632.jpeg,C:\Users\Files\Downloads\images\00-04668_02_9633.jpeg,C:\Users\Files\Downloads\images\00-04668_9631.jpeg"
"C:\Users\Files\Downloads\images\00-04668_02_9633.jpeg";00-04668;
"C:\Users\Files\Downloads\images\00-04668_9631.jpeg";00-04668;
"C:\Users\Files\Downloads\images\00-04669_01_9635.jpeg";00-04669;"C:\Users\Files\Downloads\images\00-04669_01_9635.jpeg,C:\Users\Files\Downloads\images\00-04669_9634.jpeg"
"C:\Users\Files\Downloads\images\00-04669_9634.jpeg";00-04669;
"C:\Users\Files\Downloads\images\00-04673_01_15466.jpg";00-04673;"C:\Users\Files\Downloads\images\00-04673_01_15466.jpg,C:\Users\Files\Downloads\images\00-04673_02_15467.jpg,C:\Users\Files\Downloads\images\00-04673_15465.jpg"
"C:\Users\Files\Downloads\images\00-04673_02_15467.jpg";00-04673;
"C:\Users\Files\Downloads\images\00-04673_15465.jpg";00-04673;
"C:\Users\Files\Downloads\images\00-04674_01_18038.jpg";00-04674;"C:\Users\Files\Downloads\images\00-04674_01_18038.jpg,C:\Users\Files\Downloads\images\00-04674_02_18039.jpg,C:\Users\Files\Downloads\images\00-04674_18040.jpg"
"C:\Users\Files\Downloads\images\00-04674_02_18039.jpg";00-04674;
"C:\Users\Files\Downloads\images\00-04674_18040.jpg";00-04674;
"C:\Users\Files\Downloads\images\00-04676_01_15472.jpg";00-04676;"C:\Users\Files\Downloads\images\00-04676_01_15472.jpg,C:\Users\Files\Downloads\images\00-04676_15471.jpg"
"C:\Users\Files\Downloads\images\00-04676_15471.jpg";00-04676;
"C:\Users\Files\Downloads\images\00-04677_01_20174.jpg";00-04677;"C:\Users\Files\Downloads\images\00-04677_01_20174.jpg,C:\Users\Files\Downloads\images\00-04677_02_20175.jpg,C:\Users\Files\Downloads\images\00-04677_9636.jpeg"
"C:\Users\Files\Downloads\images\00-04677_02_20175.jpg";00-04677;
"C:\Users\Files\Downloads\images\00-04677_9636.jpeg";00-04677;
"C:\Users\Files\Downloads\images\00-04678_01_9638.jpeg";00-04678;"C:\Users\Files\Downloads\images\00-04678_01_9638.jpeg,C:\Users\Files\Downloads\images\00-04678_02_9639.jpeg,C:\Users\Files\Downloads\images\00-04678_9637.jpeg"
"C:\Users\Files\Downloads\images\00-04678_02_9639.jpeg";00-04678;
"C:\Users\Files\Downloads\images\00-04678_9637.jpeg";00-04678;
"C:\Users\Files\Downloads\images\00-04679_01_9641.jpeg";00-04679;"C:\Users\Files\Downloads\images\00-04679_01_9641.jpeg,C:\Users\Files\Downloads\images\00-04679_9640.jpeg"
"C:\Users\Files\Downloads\images\00-04679_9640.jpeg";00-04679;
"C:\Users\Files\Downloads\images\00-04680_01_9643.jpeg";00-04680;"C:\Users\Files\Downloads\images\00-04680_01_9643.jpeg,C:\Users\Files\Downloads\images\00-04680_02_9644.jpeg,C:\Users\Files\Downloads\images\00-04680_9642.jpeg"
"C:\Users\Files\Downloads\images\00-04680_02_9644.jpeg";00-04680;
"C:\Users\Files\Downloads\images\00-04680_9642.jpeg";00-04680;
"C:\Users\Files\Downloads\images\00-04681_01_9646.jpeg";00-04681;"C:\Users\Files\Downloads\images\00-04681_01_9646.jpeg,C:\Users\Files\Downloads\images\00-04681_02_9647.jpeg,C:\Users\Files\Downloads\images\00-04681_9645.jpeg"
"C:\Users\Files\Downloads\images\00-04681_02_9647.jpeg";00-04681;
"C:\Users\Files\Downloads\images\00-04681_9645.jpeg";00-04681;
"C:\Users\Files\Downloads\images\00-04682_01_9649.jpeg";00-04682;"C:\Users\Files\Downloads\images\00-04682_01_9649.jpeg,C:\Users\Files\Downloads\images\00-04682_02_9650.jpeg,C:\Users\Files\Downloads\images\00-04682_9648.jpeg"
"C:\Users\Files\Downloads\images\00-04682_02_9650.jpeg";00-04682;
"C:\Users\Files\Downloads\images\00-04682_9648.jpeg";00-04682;
"C:\Users\Files\Downloads\images\00-04683_01_9652.jpeg";00-04683;"C:\Users\Files\Downloads\images\00-04683_01_9652.jpeg,C:\Users\Files\Downloads\images\00-04683_02_9653.jpeg,C:\Users\Files\Downloads\images\00-04683_9651.jpeg"
"C:\Users\Files\Downloads\images\00-04683_02_9653.jpeg";00-04683;
"C:\Users\Files\Downloads\images\00-04683_9651.jpeg";00-04683;
"C:\Users\Files\Downloads\images\00-04684_01_9655.jpeg";00-04684;"C:\Users\Files\Downloads\images\00-04684_01_9655.jpeg,C:\Users\Files\Downloads\images\00-04684_9654.jpeg"
"C:\Users\Files\Downloads\images\00-04684_9654.jpeg";00-04684;
"C:\Users\Files\Downloads\images\00-04685_01_9657.jpeg";00-04685;"C:\Users\Files\Downloads\images\00-04685_01_9657.jpeg,C:\Users\Files\Downloads\images\00-04685_02_9658.jpeg,C:\Users\Files\Downloads\images\00-04685_9656.jpeg"
"C:\Users\Files\Downloads\images\00-04685_02_9658.jpeg";00-04685;
"C:\Users\Files\Downloads\images\00-04685_9656.jpeg";00-04685;
"C:\Users\Files\Downloads\images\00-04689_01_18034.jpg";00-04689;"C:\Users\Files\Downloads\images\00-04689_01_18034.jpg,C:\Users\Files\Downloads\images\00-04689_18035.jpg"
"C:\Users\Files\Downloads\images\00-04689_18035.jpg";00-04689;
"C:\Users\Files\Downloads\images\00-04690_01_15476.jpg";00-04690;"C:\Users\Files\Downloads\images\00-04690_01_15476.jpg,C:\Users\Files\Downloads\images\00-04690_15475.jpg"
"C:\Users\Files\Downloads\images\00-04690_15475.jpg";00-04690;
"C:\Users\Files\Downloads\images\00-04691_01_15478.jpg";00-04691;"C:\Users\Files\Downloads\images\00-04691_01_15478.jpg,C:\Users\Files\Downloads\images\00-04691_15477.jpg"
"C:\Users\Files\Downloads\images\00-04691_15477.jpg";00-04691;
"C:\Users\Files\Downloads\images\00-04692_01_18023.jpg";00-04692;"C:\Users\Files\Downloads\images\00-04692_01_18023.jpg,C:\Users\Files\Downloads\images\00-04692_18024.jpg"
"C:\Users\Files\Downloads\images\00-04692_18024.jpg";00-04692;
"C:\Users\Files\Downloads\images\00-04693_01_15482.jpg";00-04693;"C:\Users\Files\Downloads\images\00-04693_01_15482.jpg,C:\Users\Files\Downloads\images\00-04693_15481.jpg"
"C:\Users\Files\Downloads\images\00-04693_15481.jpg";00-04693;
"C:\Users\Files\Downloads\images\00-04694_01_15484.jpg";00-04694;"C:\Users\Files\Downloads\images\00-04694_01_15484.jpg,C:\Users\Files\Downloads\images\00-04694_15483.jpg"
"C:\Users\Files\Downloads\images\00-04694_15483.jpg";00-04694;
"C:\Users\Files\Downloads\images\00-04695_01_15486.jpg";00-04695;"C:\Users\Files\Downloads\images\00-04695_01_15486.jpg,C:\Users\Files\Downloads\images\00-04695_02_15487.jpg,C:\Users\Files\Downloads\images\00-04695_03_16264.jpg,C:\Users\Files\Downloads\images\00-04695_15485.jpg"
"C:\Users\Files\Downloads\images\00-04695_02_15487.jpg";00-04695;
"C:\Users\Files\Downloads\images\00-04695_03_16264.jpg";00-04695;
"C:\Users\Files\Downloads\images\00-04695_15485.jpg";00-04695;
"C:\Users\Files\Downloads\images\00-04696_01_15489.jpg";00-04696;"C:\Users\Files\Downloads\images\00-04696_01_15489.jpg,C:\Users\Files\Downloads\images\00-04696_02_15490.jpg,C:\Users\Files\Downloads\images\00-04696_03_16261.jpg,C:\Users\Files\Downloads\images\00-04696_15488.jpg"
"C:\Users\Files\Downloads\images\00-04696_02_15490.jpg";00-04696;
"C:\Users\Files\Downloads\images\00-04696_03_16261.jpg";00-04696;
"C:\Users\Files\Downloads\images\00-04696_15488.jpg";00-04696;
"C:\Users\Files\Downloads\images\00-04697_01_15492.jpg";00-04697;"C:\Users\Files\Downloads\images\00-04697_01_15492.jpg,C:\Users\Files\Downloads\images\00-04697_02_15493.jpg,C:\Users\Files\Downloads\images\00-04697_03_16262.jpg,C:\Users\Files\Downloads\images\00-04697_15491.jpg"
"C:\Users\Files\Downloads\images\00-04697_02_15493.jpg";00-04697;
"C:\Users\Files\Downloads\images\00-04697_03_16262.jpg";00-04697;
"C:\Users\Files\Downloads\images\00-04697_15491.jpg";00-04697;
"C:\Users\Files\Downloads\images\00-04698_01_15495.jpg";00-04698;"C:\Users\Files\Downloads\images\00-04698_01_15495.jpg,C:\Users\Files\Downloads\images\00-04698_02_15496.jpg,C:\Users\Files\Downloads\images\00-04698_03_16263.jpg,C:\Users\Files\Downloads\images\00-04698_15494.jpg"
"C:\Users\Files\Downloads\images\00-04698_02_15496.jpg";00-04698;
"C:\Users\Files\Downloads\images\00-04698_03_16263.jpg";00-04698;
"C:\Users\Files\Downloads\images\00-04698_15494.jpg";00-04698;
"C:\Users\Files\Downloads\images\00-04699_01_9660.jpeg";00-04699;"C:\Users\Files\Downloads\images\00-04699_01_9660.jpeg,C:\Users\Files\Downloads\images\00-04699_9659.jpeg"
"C:\Users\Files\Downloads\images\00-04699_9659.jpeg";00-04699;
"C:\Users\Files\Downloads\images\00-04700_01_9662.jpeg";00-04700;"C:\Users\Files\Downloads\images\00-04700_01_9662.jpeg,C:\Users\Files\Downloads\images\00-04700_9661.jpeg"
"C:\Users\Files\Downloads\images\00-04700_9661.jpeg";00-04700;
"C:\Users\Files\Downloads\images\00-04704_01_15501.jpg";00-04704;"C:\Users\Files\Downloads\images\00-04704_01_15501.jpg,C:\Users\Files\Downloads\images\00-04704_02_15502.jpg,C:\Users\Files\Downloads\images\00-04704_15500.jpg"
"C:\Users\Files\Downloads\images\00-04704_02_15502.jpg";00-04704;
"C:\Users\Files\Downloads\images\00-04704_15500.jpg";00-04704;
"C:\Users\Files\Downloads\images\00-04705_01_15504.jpg";00-04705;"C:\Users\Files\Downloads\images\00-04705_01_15504.jpg,C:\Users\Files\Downloads\images\00-04705_02_15505.jpg,C:\Users\Files\Downloads\images\00-04705_15503.jpg"
"C:\Users\Files\Downloads\images\00-04705_02_15505.jpg";00-04705;
"C:\Users\Files\Downloads\images\00-04705_15503.jpg";00-04705;
"C:\Users\Files\Downloads\images\00-04708_01_9664.jpeg";00-04708;"C:\Users\Files\Downloads\images\00-04708_01_9664.jpeg,C:\Users\Files\Downloads\images\00-04708_9663.jpeg"
"C:\Users\Files\Downloads\images\00-04708_9663.jpeg";00-04708;
"C:\Users\Files\Downloads\images\00-04711_01_15513.jpg";00-04711;"C:\Users\Files\Downloads\images\00-04711_01_15513.jpg,C:\Users\Files\Downloads\images\00-04711_15512.jpg"
"C:\Users\Files\Downloads\images\00-04711_15512.jpg";00-04711;
"C:\Users\Files\Downloads\images\00-04712_01_15515.jpg";00-04712;"C:\Users\Files\Downloads\images\00-04712_01_15515.jpg,C:\Users\Files\Downloads\images\00-04712_15514.jpg"
"C:\Users\Files\Downloads\images\00-04712_15514.jpg";00-04712;
"C:\Users\Files\Downloads\images\00-04713_01_15517.jpg";00-04713;"C:\Users\Files\Downloads\images\00-04713_01_15517.jpg,C:\Users\Files\Downloads\images\00-04713_15516.jpg"
"C:\Users\Files\Downloads\images\00-04713_15516.jpg";00-04713;
"C:\Users\Files\Downloads\images\00-04714_01_15519.jpg";00-04714;"C:\Users\Files\Downloads\images\00-04714_01_15519.jpg,C:\Users\Files\Downloads\images\00-04714_15518.jpg"
"C:\Users\Files\Downloads\images\00-04714_15518.jpg";00-04714;
"C:\Users\Files\Downloads\images\00-04717_01_9666.jpeg";00-04717;"C:\Users\Files\Downloads\images\00-04717_01_9666.jpeg,C:\Users\Files\Downloads\images\00-04717_9665.jpeg"
"C:\Users\Files\Downloads\images\00-04717_9665.jpeg";00-04717;
"C:\Users\Files\Downloads\images\00-04718_01_9668.jpeg";00-04718;"C:\Users\Files\Downloads\images\00-04718_01_9668.jpeg,C:\Users\Files\Downloads\images\00-04718_9667.jpeg"
"C:\Users\Files\Downloads\images\00-04718_9667.jpeg";00-04718;
"C:\Users\Files\Downloads\images\00-04719_01_9670.jpeg";00-04719;"C:\Users\Files\Downloads\images\00-04719_01_9670.jpeg,C:\Users\Files\Downloads\images\00-04719_9669.jpeg"
"C:\Users\Files\Downloads\images\00-04719_9669.jpeg";00-04719;
"C:\Users\Files\Downloads\images\00-04720_01_9672.jpeg";00-04720;"C:\Users\Files\Downloads\images\00-04720_01_9672.jpeg,C:\Users\Files\Downloads\images\00-04720_9671.jpeg"
"C:\Users\Files\Downloads\images\00-04720_9671.jpeg";00-04720;
"C:\Users\Files\Downloads\images\00-04721_01_9674.jpeg";00-04721;"C:\Users\Files\Downloads\images\00-04721_01_9674.jpeg,C:\Users\Files\Downloads\images\00-04721_9673.jpeg"
"C:\Users\Files\Downloads\images\00-04721_9673.jpeg";00-04721;
"C:\Users\Files\Downloads\images\00-04722_01_9676.jpeg";00-04722;"C:\Users\Files\Downloads\images\00-04722_01_9676.jpeg,C:\Users\Files\Downloads\images\00-04722_9675.jpeg"
"C:\Users\Files\Downloads\images\00-04722_9675.jpeg";00-04722;
"C:\Users\Files\Downloads\images\00-04723_01_9678.jpeg";00-04723;"C:\Users\Files\Downloads\images\00-04723_01_9678.jpeg,C:\Users\Files\Downloads\images\00-04723_9677.jpeg"
"C:\Users\Files\Downloads\images\00-04723_9677.jpeg";00-04723;
"C:\Users\Files\Downloads\images\00-04724_01_9680.jpeg";00-04724;"C:\Users\Files\Downloads\images\00-04724_01_9680.jpeg,C:\Users\Files\Downloads\images\00-04724_9679.jpeg"
"C:\Users\Files\Downloads\images\00-04724_9679.jpeg";00-04724;
"C:\Users\Files\Downloads\images\00-04725_01_9682.jpeg";00-04725;"C:\Users\Files\Downloads\images\00-04725_01_9682.jpeg,C:\Users\Files\Downloads\images\00-04725_9681.jpeg"
"C:\Users\Files\Downloads\images\00-04725_9681.jpeg";00-04725;
"C:\Users\Files\Downloads\images\00-04726_01_15525.jpg";00-04726;"C:\Users\Files\Downloads\images\00-04726_01_15525.jpg,C:\Users\Files\Downloads\images\00-04726_15524.jpg"
"C:\Users\Files\Downloads\images\00-04726_15524.jpg";00-04726;
"C:\Users\Files\Downloads\images\00-04728_01_9684.jpeg";00-04728;"C:\Users\Files\Downloads\images\00-04728_01_9684.jpeg,C:\Users\Files\Downloads\images\00-04728_9683.jpeg"
"C:\Users\Files\Downloads\images\00-04728_9683.jpeg";00-04728;
"C:\Users\Files\Downloads\images\00-04729_01_9686.jpeg";00-04729;"C:\Users\Files\Downloads\images\00-04729_01_9686.jpeg,C:\Users\Files\Downloads\images\00-04729_9685.jpeg"
"C:\Users\Files\Downloads\images\00-04729_9685.jpeg";00-04729;
"C:\Users\Files\Downloads\images\00-04731_01_9688.jpeg";00-04731;"C:\Users\Files\Downloads\images\00-04731_01_9688.jpeg,C:\Users\Files\Downloads\images\00-04731_9687.jpeg"
"C:\Users\Files\Downloads\images\00-04731_9687.jpeg";00-04731;
"C:\Users\Files\Downloads\images\00-04732_01_9690.jpeg";00-04732;"C:\Users\Files\Downloads\images\00-04732_01_9690.jpeg,C:\Users\Files\Downloads\images\00-04732_9689.jpeg"
"C:\Users\Files\Downloads\images\00-04732_9689.jpeg";00-04732;
"C:\Users\Files\Downloads\images\00-04733_01_15529.jpg";00-04733;"C:\Users\Files\Downloads\images\00-04733_01_15529.jpg,C:\Users\Files\Downloads\images\00-04733_15528.jpg"
"C:\Users\Files\Downloads\images\00-04733_15528.jpg";00-04733;
"C:\Users\Files\Downloads\images\00-04735_01_15533.jpg";00-04735;"C:\Users\Files\Downloads\images\00-04735_01_15533.jpg,C:\Users\Files\Downloads\images\00-04735_15532.jpg"
"C:\Users\Files\Downloads\images\00-04735_15532.jpg";00-04735;
"C:\Users\Files\Downloads\images\00-04736_01_15535.jpg";00-04736;"C:\Users\Files\Downloads\images\00-04736_01_15535.jpg,C:\Users\Files\Downloads\images\00-04736_02_15536.jpg,C:\Users\Files\Downloads\images\00-04736_03_15537.jpg,C:\Users\Files\Downloads\images\00-04736_15534.jpg"
"C:\Users\Files\Downloads\images\00-04736_02_15536.jpg";00-04736;
"C:\Users\Files\Downloads\images\00-04736_03_15537.jpg";00-04736;
"C:\Users\Files\Downloads\images\00-04736_15534.jpg";00-04736;
"C:\Users\Files\Downloads\images\00-04740_01_15539.jpg";00-04740;"C:\Users\Files\Downloads\images\00-04740_01_15539.jpg,C:\Users\Files\Downloads\images\00-04740_02_15540.jpg,C:\Users\Files\Downloads\images\00-04740_03_15541.jpg,C:\Users\Files\Downloads\images\00-04740_15538.jpg"
"C:\Users\Files\Downloads\images\00-04740_02_15540.jpg";00-04740;
"C:\Users\Files\Downloads\images\00-04740_03_15541.jpg";00-04740;
"C:\Users\Files\Downloads\images\00-04740_15538.jpg";00-04740;
"C:\Users\Files\Downloads\images\00-04741_01_15543.jpg";00-04741;"C:\Users\Files\Downloads\images\00-04741_01_15543.jpg,C:\Users\Files\Downloads\images\00-04741_02_15544.jpg,C:\Users\Files\Downloads\images\00-04741_15542.jpg"
"C:\Users\Files\Downloads\images\00-04741_02_15544.jpg";00-04741;
"C:\Users\Files\Downloads\images\00-04741_15542.jpg";00-04741;
"C:\Users\Files\Downloads\images\00-04742_01_15546.jpg";00-04742;"C:\Users\Files\Downloads\images\00-04742_01_15546.jpg,C:\Users\Files\Downloads\images\00-04742_02_15547.jpg,C:\Users\Files\Downloads\images\00-04742_15545.jpg"
"C:\Users\Files\Downloads\images\00-04742_02_15547.jpg";00-04742;
"C:\Users\Files\Downloads\images\00-04742_15545.jpg";00-04742;
"C:\Users\Files\Downloads\images\00-04743_01_15549.jpg";00-04743;"C:\Users\Files\Downloads\images\00-04743_01_15549.jpg,C:\Users\Files\Downloads\images\00-04743_02_15550.jpg,C:\Users\Files\Downloads\images\00-04743_03_15551.jpg,C:\Users\Files\Downloads\images\00-04743_15548.jpg"
"C:\Users\Files\Downloads\images\00-04743_02_15550.jpg";00-04743;
"C:\Users\Files\Downloads\images\00-04743_03_15551.jpg";00-04743;
"C:\Users\Files\Downloads\images\00-04743_15548.jpg";00-04743;
"C:\Users\Files\Downloads\images\00-04744_01_15553.jpg";00-04744;"C:\Users\Files\Downloads\images\00-04744_01_15553.jpg,C:\Users\Files\Downloads\images\00-04744_02_15554.jpg,C:\Users\Files\Downloads\images\00-04744_03_15555.jpg,C:\Users\Files\Downloads\images\00-04744_15552.jpg"
"C:\Users\Files\Downloads\images\00-04744_02_15554.jpg";00-04744;
"C:\Users\Files\Downloads\images\00-04744_03_15555.jpg";00-04744;
"C:\Users\Files\Downloads\images\00-04744_15552.jpg";00-04744;
"C:\Users\Files\Downloads\images\00-04745_01_15557.jpg";00-04745;"C:\Users\Files\Downloads\images\00-04745_01_15557.jpg,C:\Users\Files\Downloads\images\00-04745_02_15558.jpg,C:\Users\Files\Downloads\images\00-04745_15556.jpg"
"C:\Users\Files\Downloads\images\00-04745_02_15558.jpg";00-04745;
"C:\Users\Files\Downloads\images\00-04745_15556.jpg";00-04745;
"C:\Users\Files\Downloads\images\00-04746_01_15560.jpg";00-04746;"C:\Users\Files\Downloads\images\00-04746_01_15560.jpg,C:\Users\Files\Downloads\images\00-04746_02_15561.jpg,C:\Users\Files\Downloads\images\00-04746_15559.jpg"
"C:\Users\Files\Downloads\images\00-04746_02_15561.jpg";00-04746;
"C:\Users\Files\Downloads\images\00-04746_15559.jpg";00-04746;
"C:\Users\Files\Downloads\images\00-04747_01_15563.jpg";00-04747;"C:\Users\Files\Downloads\images\00-04747_01_15563.jpg,C:\Users\Files\Downloads\images\00-04747_02_15564.jpg,C:\Users\Files\Downloads\images\00-04747_15562.jpg"
"C:\Users\Files\Downloads\images\00-04747_02_15564.jpg";00-04747;
"C:\Users\Files\Downloads\images\00-04747_15562.jpg";00-04747;
"C:\Users\Files\Downloads\images\00-04748_01_15566.jpg";00-04748;"C:\Users\Files\Downloads\images\00-04748_01_15566.jpg,C:\Users\Files\Downloads\images\00-04748_15565.jpg"
"C:\Users\Files\Downloads\images\00-04748_15565.jpg";00-04748;
"C:\Users\Files\Downloads\images\00-04749_01_15568.jpg";00-04749;"C:\Users\Files\Downloads\images\00-04749_01_15568.jpg,C:\Users\Files\Downloads\images\00-04749_02_15569.jpg,C:\Users\Files\Downloads\images\00-04749_03_15570.jpg,C:\Users\Files\Downloads\images\00-04749_15567.jpg"
"C:\Users\Files\Downloads\images\00-04749_02_15569.jpg";00-04749;
"C:\Users\Files\Downloads\images\00-04749_03_15570.jpg";00-04749;
"C:\Users\Files\Downloads\images\00-04749_15567.jpg";00-04749;
"C:\Users\Files\Downloads\images\00-04751_01_15576.jpg";00-04751;"C:\Users\Files\Downloads\images\00-04751_01_15576.jpg,C:\Users\Files\Downloads\images\00-04751_02_15577.jpg,C:\Users\Files\Downloads\images\00-04751_15575.jpg"
"C:\Users\Files\Downloads\images\00-04751_02_15577.jpg";00-04751;
"C:\Users\Files\Downloads\images\00-04751_15575.jpg";00-04751;
"C:\Users\Files\Downloads\images\00-04752_01_15579.jpg";00-04752;"C:\Users\Files\Downloads\images\00-04752_01_15579.jpg,C:\Users\Files\Downloads\images\00-04752_02_15580.jpg,C:\Users\Files\Downloads\images\00-04752_15578.jpg"
"C:\Users\Files\Downloads\images\00-04752_02_15580.jpg";00-04752;
"C:\Users\Files\Downloads\images\00-04752_15578.jpg";00-04752;
"C:\Users\Files\Downloads\images\00-04753_01_15582.jpg";00-04753;"C:\Users\Files\Downloads\images\00-04753_01_15582.jpg,C:\Users\Files\Downloads\images\00-04753_02_15583.jpg,C:\Users\Files\Downloads\images\00-04753_15581.jpg"
"C:\Users\Files\Downloads\images\00-04753_02_15583.jpg";00-04753;
"C:\Users\Files\Downloads\images\00-04753_15581.jpg";00-04753;
"C:\Users\Files\Downloads\images\00-04754_01_16319.jpg";00-04754;"C:\Users\Files\Downloads\images\00-04754_01_16319.jpg,C:\Users\Files\Downloads\images\00-04754_02_16320.jpg,C:\Users\Files\Downloads\images\00-04754_03_16321.jpg,C:\Users\Files\Downloads\images\00-04754_16318.jpg"
"C:\Users\Files\Downloads\images\00-04754_02_16320.jpg";00-04754;
"C:\Users\Files\Downloads\images\00-04754_03_16321.jpg";00-04754;
"C:\Users\Files\Downloads\images\00-04754_16318.jpg";00-04754;
"C:\Users\Files\Downloads\images\00-04756_01_18614.jpg";00-04756;"C:\Users\Files\Downloads\images\00-04756_01_18614.jpg,C:\Users\Files\Downloads\images\00-04756_02_18615.jpg,C:\Users\Files\Downloads\images\00-04756_18613.jpg"
"C:\Users\Files\Downloads\images\00-04756_02_18615.jpg";00-04756;
"C:\Users\Files\Downloads\images\00-04756_18613.jpg";00-04756;
"C:\Users\Files\Downloads\images\00-04757_01_18617.jpg";00-04757;"C:\Users\Files\Downloads\images\00-04757_01_18617.jpg,C:\Users\Files\Downloads\images\00-04757_02_18618.jpg,C:\Users\Files\Downloads\images\00-04757_18616.jpg"
"C:\Users\Files\Downloads\images\00-04757_02_18618.jpg";00-04757;
"C:\Users\Files\Downloads\images\00-04757_18616.jpg";00-04757;
"C:\Users\Files\Downloads\images\00-04758_01_18620.jpg";00-04758;"C:\Users\Files\Downloads\images\00-04758_01_18620.jpg,C:\Users\Files\Downloads\images\00-04758_02_18621.jpg,C:\Users\Files\Downloads\images\00-04758_03_18622.jpg,C:\Users\Files\Downloads\images\00-04758_18619.jpg"
"C:\Users\Files\Downloads\images\00-04758_02_18621.jpg";00-04758;
"C:\Users\Files\Downloads\images\00-04758_03_18622.jpg";00-04758;
"C:\Users\Files\Downloads\images\00-04758_18619.jpg";00-04758;
"C:\Users\Files\Downloads\images\00-04760_01_18624.jpg";00-04760;"C:\Users\Files\Downloads\images\00-04760_01_18624.jpg,C:\Users\Files\Downloads\images\00-04760_02_18625.jpg,C:\Users\Files\Downloads\images\00-04760_18623.jpg"
"C:\Users\Files\Downloads\images\00-04760_02_18625.jpg";00-04760;
"C:\Users\Files\Downloads\images\00-04760_18623.jpg";00-04760;
"C:\Users\Files\Downloads\images\00-04900_01_18080.jpg";00-04900;"C:\Users\Files\Downloads\images\00-04900_01_18080.jpg,C:\Users\Files\Downloads\images\00-04900_02_18081.jpg,C:\Users\Files\Downloads\images\00-04900_03_18082.jpg,C:\Users\Files\Downloads\images\00-04900_18083.jpg"
"C:\Users\Files\Downloads\images\00-04900_02_18081.jpg";00-04900;
"C:\Users\Files\Downloads\images\00-04900_03_18082.jpg";00-04900;
"C:\Users\Files\Downloads\images\00-04900_18083.jpg";00-04900;
"C:\Users\Files\Downloads\images\00-04901-eu_01_9320.jpeg";00-04901-eu;"C:\Users\Files\Downloads\images\00-04901-eu_01_9320.jpeg,C:\Users\Files\Downloads\images\00-04901-eu_02_9321.jpeg,C:\Users\Files\Downloads\images\00-04901-eu_9319.jpeg"
"C:\Users\Files\Downloads\images\00-04901-eu_02_9321.jpeg";00-04901-eu;
"C:\Users\Files\Downloads\images\00-04901-eu_9319.jpeg";00-04901-eu;
"C:\Users\Files\Downloads\images\00-04902_01_18044.jpeg";00-04902;"C:\Users\Files\Downloads\images\00-04902_01_18044.jpeg,C:\Users\Files\Downloads\images\00-04902_18045.jpeg"
"C:\Users\Files\Downloads\images\00-04902_18045.jpeg";00-04902;
"C:\Users\Files\Downloads\images\00-04903_01_18084.jpg";00-04903;"C:\Users\Files\Downloads\images\00-04903_01_18084.jpg,C:\Users\Files\Downloads\images\00-04903_02_18085.jpg,C:\Users\Files\Downloads\images\00-04903_18086.jpg"
"C:\Users\Files\Downloads\images\00-04903_02_18085.jpg";00-04903;
"C:\Users\Files\Downloads\images\00-04903_18086.jpg";00-04903;
"C:\Users\Files\Downloads\images\00-04904_01_9694.jpeg";00-04904;"C:\Users\Files\Downloads\images\00-04904_01_9694.jpeg,C:\Users\Files\Downloads\images\00-04904_9693.jpeg"
"C:\Users\Files\Downloads\images\00-04904_9693.jpeg";00-04904;
"C:\Users\Files\Downloads\images\00-04905_01_9696.jpeg";00-04905;"C:\Users\Files\Downloads\images\00-04905_01_9696.jpeg,C:\Users\Files\Downloads\images\00-04905_9695.jpeg"
"C:\Users\Files\Downloads\images\00-04905_9695.jpeg";00-04905;
"C:\Users\Files\Downloads\images\00-04906_15591.jpg";00-04906;"C:\Users\Files\Downloads\images\00-04906_15591.jpg"
"C:\Users\Files\Downloads\images\00-04907_18088.jpg";00-04907;"C:\Users\Files\Downloads\images\00-04907_18088.jpg"
"C:\Users\Files\Downloads\images\00-05037_15828.jpg";00-05037;"C:\Users\Files\Downloads\images\00-05037_15828.jpg"
"C:\Users\Files\Downloads\images\00-05038_15829.jpg";00-05038;"C:\Users\Files\Downloads\images\00-05038_15829.jpg"
"C:\Users\Files\Downloads\images\00-05039_15830.jpg";00-05039;"C:\Users\Files\Downloads\images\00-05039_15830.jpg"
"C:\Users\Files\Downloads\images\00-05040_15831.jpg";00-05040;"C:\Users\Files\Downloads\images\00-05040_15831.jpg"
"C:\Users\Files\Downloads\images\00-05041_15832.jpg";00-05041;"C:\Users\Files\Downloads\images\00-05041_15832.jpg"
"C:\Users\Files\Downloads\images\00-05042_15833.jpg";00-05042;"C:\Users\Files\Downloads\images\00-05042_15833.jpg"
